table_id,target_f1,az_confidence,az_cell_count,avg_bbox_area,az_spanning_cells,col_x_variance,row_height_std_dev,graph_nodes,graph_edges,graph_density,graph_avg_degree,graph_qids_linked,repair_cells_updated,repair_edits_claimed,final_rows,final_cols,numeric_ratio,avg_str_len,std_str_len
PMC6563497_table_2,0.3117,0.9318,35,0.183015,0,1e-06,0.005853,42,35,0.0203,1.6667,3,35,0,5,7,0.8286,12.6,4.96
PMC6460509_table_0,1.0,0.9889,175,0.196566,7,0.000777,0.005806,234,222,0.0041,1.8974,11,222,4,26,7,0.6758,5.35,6.44
PMC6299930_table_4,1.0,0.9895,45,0.264689,0,3e-06,0.004891,50,45,0.0184,1.8,4,45,0,9,5,0.8889,11.51,8.73
PMC6236842_table_2,0.7971,0.9892,42,0.199009,6,0.00327,0.007665,56,48,0.0156,1.7143,2,48,2,6,8,0.6667,5.93,4.94
PMC6236232_table_4,0.6543,0.9836,48,0.242563,0,5e-06,0.084754,120,104,0.0073,1.7333,17,104,0,7,8,0.6071,13.14,21.97
PMC6235903_table_2,0.6429,0.9338,21,0.211629,1,0.058354,0.039582,99,88,0.0091,1.7778,6,88,6,6,4,0.7083,11.87,12.68
PMC6234591_table_1,0.375,0.9836,12,1.444921,0,1e-06,0.198392,14,12,0.0659,1.7143,2,12,0,6,2,0.4167,120.5,128.37
PMC6230666_table_2,1.0,0.9937,24,0.256097,0,1e-06,0.072103,212,201,0.0045,1.8962,26,201,3,9,3,0.1481,10.6,5.11
PMC6225585_table_0,0.0488,0.9218,27,0.440613,0,1e-06,0.007192,30,27,0.031,1.8,10,27,1,9,3,0.7407,17.78,10.09
PMC6223075_table_1,0.9013,0.9879,177,0.250531,2,4e-06,0.060442,210,203,0.0046,1.9333,24,203,3,29,7,0.7389,11.04,15.34
PMC6223050_table_1,0.9559,0.9763,45,0.443123,0,2e-06,0.003667,48,45,0.0199,1.875,8,45,0,15,3,0.5778,13.78,7.31
PMC6218497_table_1,1.0,0.9937,26,0.103674,4,0.001834,0.002721,35,30,0.0252,1.7143,4,30,2,6,5,0.7667,5.7,1.63
PMC6218049_table_1,0.9872,0.9823,156,0.272955,0,2e-06,0.061291,162,156,0.006,1.9259,27,156,0,26,6,0.5641,17.26,20.04
PMC6216333_table_1,0.981,0.9898,129,0.200664,4,1e-06,0.146023,144,136,0.0066,1.8889,9,136,0,17,8,0.7426,14.34,6.34
PMC6214829_table_3,0.992,0.9886,286,0.053091,0,2e-06,0.028804,629,601,0.0015,1.911,12,601,0,21,15,0.8952,4.99,1.59
PMC6207587_table_3,0.8846,0.9907,17,1.458514,1,2e-06,0.208731,21,18,0.0429,1.7143,3,18,0,6,3,0.0,128.47,92.35
PMC6200702_table_2,0.9348,0.9849,42,0.195707,0,3e-06,0.043676,192,170,0.0046,1.7708,6,170,0,3,14,0.9048,3.71,3.77
PMC6197841_table_1,0.8468,0.9927,171,0.278549,29,2e-06,0.088681,234,228,0.0042,1.9487,9,228,0,38,6,0.2632,19.74,24.09
PMC6195109_table_1,1.0,0.9936,26,0.222796,4,0.007619,0.018363,36,30,0.0238,1.6667,2,30,2,5,6,0.7667,7.43,3.57
PMC6194619_table_1,0.7731,0.9889,344,0.159894,0,1.4e-05,0.005904,352,344,0.0028,1.9545,12,344,0,43,8,0.7093,9.28,6.36
PMC6190873_table_2,0.4381,0.918,58,0.173596,5,0.007996,0.036528,202,183,0.0045,1.8119,16,183,8,13,5,0.7846,9.67,3.96
PMC6189618_table_2,1.0,0.9937,42,0.469915,0,8e-06,0.060089,45,42,0.0212,1.8667,17,42,0,14,3,0.381,19.0,21.39
PMC6188145_table_0,0.6749,0.9791,305,0.173481,26,0.001119,0.113336,352,341,0.0028,1.9375,20,341,6,31,11,0.3372,5.92,4.3
PMC6185887_table_1,0.9022,0.9674,57,0.222411,0,2e-06,0.013225,60,57,0.0161,1.9,12,57,0,19,3,0.6842,10.84,5.74
PMC6179292_table_2,0.8665,0.9653,319,0.121622,14,0.004263,0.048512,348,336,0.0028,1.931,17,336,3,28,12,0.7113,5.39,3.61
PMC6176044_table_1,1.0,0.9883,28,0.099141,0,1e-06,0.028358,195,183,0.0048,1.8769,14,183,1,31,5,0.9677,5.23,2.62
PMC6175006_table_1,0.9664,0.9927,128,0.178231,3,0.005705,0.039224,252,238,0.0038,1.8889,27,238,7,19,7,0.5714,6.61,8.83
PMC6167900_table_0,0.8148,0.9743,23,0.359626,1,0.000587,0.036067,26,24,0.0369,1.8462,5,24,2,12,2,0.5,17.14,29.18
PMC6165549_table_0,1.0,0.9886,28,0.080661,0,0.0,0.00435,63,42,0.0108,1.3333,2,42,0,2,14,0.4643,3.46,1.76
PMC6157350_table_0,1.0,0.9941,10,0.174803,0,1e-06,0.00245,134,122,0.0068,1.8209,20,122,4,2,5,0.5,6.4,4.27
PMC6156835_table_2,1.0,0.9909,16,0.607498,0,2e-06,0.118727,20,16,0.0421,1.6,2,16,0,4,4,0.3125,30.5,34.78
PMC6156479_table_0,0.9304,0.9866,79,0.290598,3,1e-06,0.009458,88,84,0.011,1.9091,4,84,0,21,4,0.5952,9.7,3.79
PMC6151027_table_2,0.9174,0.9895,165,0.352392,1,0.023229,0.027228,172,168,0.0057,1.9535,35,168,3,42,4,0.625,10.76,11.36
PMC6141366_table_0,0.7273,0.9916,17,0.725363,1,1e-06,0.105596,20,18,0.0474,1.8,8,18,2,9,2,0.1111,41.65,50.17
PMC6131764_table_2,1.0,0.972,52,0.276237,3,0.014366,0.006968,93,85,0.0099,1.828,17,85,4,11,5,0.8182,12.76,6.93
PMC6131544_table_0,0.9518,0.9878,54,0.134285,0,1e-06,0.042875,60,54,0.0153,1.8,4,54,0,9,6,0.7778,10.72,8.05
PMC6126806_table_0,1.0,0.9925,104,0.214634,0,1e-06,0.003929,108,104,0.009,1.9259,0,104,0,26,4,0.9712,3.64,1.69
PMC6125286_table_1,1.0,0.9923,73,0.200392,1,0.019279,0.004611,98,93,0.0098,1.898,19,93,3,9,2,0.5,13.94,13.12
PMC6122824_table_1,1.0,0.9903,62,0.273053,3,0.007391,0.005974,136,120,0.0065,1.7647,7,120,3,13,5,0.5385,10.5,5.85
PMC6121681_table_1,1.0,0.9926,83,0.255343,4,3e-06,0.018371,108,104,0.009,1.9259,20,104,0,26,4,0.6635,5.99,4.01
PMC6117955_table_3,1.0,0.9872,36,0.219265,0,2e-06,0.006913,132,120,0.0069,1.8182,12,120,5,14,6,0.6667,8.12,14.12
PMC6112678_table_2,1.0,0.9923,23,0.226176,5,4e-06,0.008769,35,28,0.0235,1.6,4,28,1,4,7,0.3929,9.91,8.57
PMC6109791_table_2,1.0,0.9802,51,0.271655,3,0.027661,0.069131,126,112,0.0071,1.7778,16,112,6,8,7,0.6429,10.18,5.84
PMC6109791_table_1,1.0,0.9802,51,0.271655,3,0.027661,0.069131,126,112,0.0071,1.7778,16,112,6,8,7,0.7321,10.16,5.57
PMC6106739_table_0,0.8659,0.9834,124,0.115857,18,0.001224,0.007732,156,143,0.0059,1.8333,8,143,22,11,13,0.2727,4.24,4.84
PMC6102311_table_1,0.1791,0.8966,37,0.126845,2,0.031292,0.004279,48,42,0.0186,1.75,6,42,4,7,6,0.8095,7.76,3.05
PMC6098627_table_3,0.9674,0.9861,56,0.164654,0,2e-06,0.005329,120,112,0.0078,1.8667,0,112,2,14,4,0.7857,10.52,9.0
PMC6098013_table_3,1.0,0.9891,58,0.138246,3,0.00827,0.002172,106,95,0.0085,1.7925,10,95,7,9,7,0.5556,8.31,9.96
PMC6093102_table_5,1.0,0.9912,40,0.214907,0,1e-06,0.003886,183,169,0.0051,1.847,13,169,1,11,4,0.6818,11.45,13.11
PMC6091963_table_0,0.9756,0.9883,44,0.418104,0,1e-06,0.003361,46,44,0.0213,1.913,0,44,0,22,2,0.7045,15.88,12.35
PMC6091195_table_2,0.9849,0.9871,118,0.177043,14,0.084439,0.005869,165,160,0.0059,1.9394,7,160,2,32,5,0.5,8.94,11.9
PMC6084921_table_0,1.0,0.9924,290,0.105686,0,7e-06,0.008783,300,290,0.0032,1.9333,0,290,0,29,10,0.9621,4.02,2.09
PMC6081858_table_1,1.0,0.9916,127,0.144693,8,0.00052,0.02096,144,135,0.0066,1.875,7,135,1,15,9,0.3481,6.43,4.55
PMC6079181_table_1,0.6415,0.9653,24,0.453344,1,3e-06,0.07966,30,25,0.0287,1.6667,7,25,0,5,5,0.56,9.67,6.58
PMC6078313_table_2,1.0,0.9928,119,0.256374,5,0.009362,0.0464,135,126,0.007,1.8667,14,126,4,14,9,0.8571,9.81,6.81
PMC6070238_table_9,0.9774,0.9841,112,0.163275,0,2e-06,0.005322,155,142,0.0059,1.8323,33,142,0,6,5,0.4333,9.42,7.25
PMC6070238_table_5,1.0,0.9937,60,0.130857,0,5e-06,0.005097,191,170,0.0047,1.7801,8,170,0,6,10,0.8167,4.05,4.23
PMC6069823_table_4,0.9085,0.9895,183,0.101088,13,0.000235,0.004323,210,196,0.0045,1.8667,8,196,1,14,14,0.4031,5.71,4.33
PMC6069751_table_6,1.0,0.9851,21,0.184209,2,0.016338,0.00785,28,24,0.0317,1.7143,5,24,2,6,4,0.5833,10.65,3.38
PMC6069445_table_0,1.0,0.9654,30,0.345472,2,1e-06,0.112909,36,32,0.0254,1.7778,14,32,0,8,4,0.6562,13.73,23.64
PMC6067735_table_1,0.9811,0.9892,75,0.30308,3,0.012506,0.005143,81,78,0.012,1.9259,13,78,2,26,3,0.6282,7.76,9.99
PMC6066216_table_0,0.9082,0.9848,65,0.325677,2,0.043256,0.004803,72,68,0.0133,1.8889,9,68,2,17,4,0.7206,6.03,4.49
PMC6063325_table_3,1.0,0.9921,20,0.284393,0,1e-06,0.041862,176,164,0.0053,1.8636,19,164,4,18,8,0.9583,2.49,3.6
PMC6057002_table_2,1.0,0.9915,53,0.460737,3,0.008744,0.064543,96,88,0.0096,1.8333,2,88,2,8,4,0.7188,21.17,27.66
PMC6054685_table_1,1.0,0.9945,9,0.15021,0,1e-06,0.00196,32,24,0.0242,1.5,6,24,0,3,3,0.5556,5.78,3.97
PMC6053158_table_0,0.976,0.9694,41,0.126232,1,0.140965,0.003825,65,52,0.0125,1.6,3,52,12,4,13,0.8077,5.46,3.05
PMC6052055_table_4,1.0,0.9897,183,0.072288,9,0.001517,0.004531,470,431,0.002,1.834,23,431,24,17,12,0.1912,2.53,2.83
PMC6050963_table_1,0.9516,0.9741,45,0.229355,0,2e-06,0.032204,48,45,0.0199,1.875,5,45,0,15,3,0.0444,14.29,9.22
PMC6048740_table_1,1.0,0.989,73,0.26913,1,0.082127,0.025758,80,76,0.012,1.9,15,76,3,19,4,0.6316,12.18,11.44
PMC6037356_table_4,1.0,0.9924,45,0.180679,0,1e-06,0.004226,50,45,0.0184,1.8,9,45,0,9,5,0.7111,5.98,4.67
PMC6030644_table_1,0.9855,0.9733,25,0.369979,2,0.111501,0.058545,36,30,0.0238,1.6667,0,30,5,5,6,0.8333,8.45,8.13
PMC6030051_table_1,0.8837,0.9831,27,0.184519,2,1e-06,0.038553,99,90,0.0093,1.8182,18,90,0,6,5,0.6667,11.48,8.6
PMC6029805_table_0,0.9577,0.9929,153,0.196978,0,1e-06,0.055256,162,153,0.0059,1.8889,3,153,0,17,9,0.9412,5.65,4.38
PMC6026153_table_1,0.8824,0.9781,42,0.136238,0,2e-06,0.00302,97,84,0.009,1.732,11,84,2,7,6,0.5714,5.88,6.29
PMC6025636_table_0,0.9355,0.992,20,0.507791,0,2e-06,0.060894,24,20,0.0362,1.6667,4,20,0,5,4,0.0,22.8,10.17
PMC6025392_table_0,1.0,0.9934,36,0.187347,0,0.0,0.02418,40,36,0.0231,1.8,4,36,0,9,4,0.6667,7.11,4.95
PMC6025380_table_0,0.2759,0.9848,15,2.367238,0,1.4e-05,0.527167,18,15,0.049,1.6667,3,15,0,5,3,0.0,158.4,128.72
PMC6023135_table_0,0.6119,0.9216,42,0.305282,0,1e-06,0.00292,45,42,0.0212,1.8667,2,42,0,14,3,0.9048,5.95,2.85
PMC6022969_table_0,0.9367,0.9852,27,0.289136,0,1e-06,0.020299,30,27,0.031,1.8,3,27,0,9,3,0.1852,21.56,4.9
PMC6020326_table_1,1.0,0.993,8,0.240623,1,0.06883,0.010614,24,18,0.0326,1.5,7,18,4,3,3,0.4444,10.5,7.42
PMC6016650_table_0,0.9757,0.9923,133,0.201545,0,2e-06,0.00806,140,133,0.0068,1.9,0,133,0,19,7,0.8346,3.59,1.17
PMC6015678_table_1,0.8952,0.9826,49,0.289003,1,0.002597,0.044955,55,50,0.0168,1.8182,6,50,1,10,5,0.5,13.75,10.67
PMC6013710_table_0,1.0,0.9805,66,0.112616,0,2e-06,0.027021,222,206,0.0042,1.8559,11,206,7,11,6,0.8333,5.42,5.84
PMC6013128_table_0,0.6154,0.9914,18,1.034206,4,3e-06,0.11292,27,24,0.0342,1.7778,5,24,0,8,3,0.125,40.0,25.58
PMC6011087_table_1,0.8889,0.9844,12,1.504766,0,2e-06,0.290029,189,180,0.0051,1.9048,11,180,0,28,6,0.3631,5.44,5.4
PMC6010363_table_0,1.0,0.9752,10,0.489195,0,1e-06,0.00537,12,10,0.0758,1.6667,9,10,0,5,2,0.1,18.4,10.41
PMC6005484_table_16,1.0,0.9925,35,0.385678,0,0.0,0.05867,80,70,0.0111,1.75,2,70,2,7,5,0.8857,9.77,8.71
PMC6004683_table_2,0.6508,0.9852,148,0.169512,4,5e-06,0.005418,160,152,0.006,1.9,12,152,1,19,8,0.5197,5.49,2.06
PMC6003076_table_0,0.4411,0.9667,87,0.102626,17,0.004667,0.007402,256,232,0.0036,1.8125,23,232,14,15,8,0.4833,6.99,6.66
PMC6001665_table_2,0.069,0.9084,31,0.370214,1,2e-06,0.065614,36,32,0.0254,1.7778,3,32,1,8,4,0.5625,19.9,9.66
PMC5995955_table_2,0.8182,0.9794,59,0.191109,1,0.011448,0.001723,141,130,0.0066,1.844,16,130,4,15,4,0.55,10.89,7.64
PMC5994002_table_0,1.0,0.9848,58,0.141545,4,0.022702,0.006026,70,65,0.0135,1.8571,9,65,2,13,5,0.5538,5.38,6.18
PMC5992928_table_1,0.8201,0.971,217,0.293546,5,0.027168,0.016281,230,225,0.0043,1.9565,22,225,4,45,5,0.5556,11.35,8.05
PMC5992635_table_1,0.967,0.9884,33,0.305166,0,4e-06,0.060533,62,55,0.0145,1.7742,3,55,1,5,2,0.0,119.88,143.23
PMC5991349_table_0,0.7407,0.947,84,0.315939,0,2e-06,0.005308,88,84,0.011,1.9091,8,84,1,21,4,0.4405,12.22,7.02
PMC5989418_table_0,1.0,0.9888,30,0.27395,0,2e-06,0.058075,33,30,0.0284,1.8182,0,30,0,10,3,0.6,16.47,21.88
PMC5985097_table_0,0.7333,0.9711,12,0.406591,0,2e-06,0.010581,67,60,0.0136,1.791,8,60,1,4,3,0.5,18.0,4.94
PMC5984402_table_1,0.8627,0.9741,74,0.149243,1,4e-06,0.047488,80,75,0.0119,1.875,8,75,0,15,5,0.48,9.78,5.86
PMC5984267_table_1,1.0,0.9937,10,1.151434,0,3e-06,0.013287,40,32,0.0205,1.6,1,32,4,3,2,0.5,14.17,10.32
PMC5975532_table_0,1.0,0.9904,51,0.728683,1,0.057966,0.024581,54,52,0.0182,1.9259,14,52,1,26,2,0.0385,30.15,16.15
PMC5973596_table_0,1.0,0.9913,30,0.319323,3,0.006782,0.065422,42,35,0.0203,1.6667,2,35,5,5,7,0.7143,12.35,25.72
PMC5966402_table_1,0.9814,0.9907,59,0.112062,5,0.028496,0.022968,187,168,0.0048,1.7968,9,168,9,10,7,0.4714,13.8,9.6
PMC5960139_table_2,0.6531,0.9874,132,0.12154,3,0.016997,0.045939,156,143,0.0059,1.8333,12,143,57,11,13,0.9091,7.79,6.38
PMC5956923_table_1,1.0,0.8989,21,0.183948,2,0.022473,0.006318,28,24,0.0317,1.7143,4,24,2,6,4,0.8333,12.0,3.58
PMC5943503_table_0,0.5474,0.9811,228,0.248535,26,0.045289,0.017142,441,432,0.0022,1.9592,3,432,7,48,9,0.2616,9.04,6.07
PMC5941971_table_1,0.4135,0.9844,463,0.121601,4,0.003008,0.019951,480,470,0.002,1.9583,33,470,250,47,10,0.3617,9.64,6.08
PMC5935943_table_0,1.0,0.9851,38,0.418593,0,1.4e-05,0.061555,40,38,0.0244,1.9,4,38,0,19,2,0.6316,19.84,13.21
PMC5927763_table_0,1.0,0.989,113,0.250163,2,0.04158,0.014902,128,120,0.0074,1.875,18,120,1,15,8,0.7083,5.85,2.87
PMC5918753_table_0,1.0,0.914,36,0.198133,2,1e-06,0.00586,98,89,0.0094,1.8163,23,89,3,9,5,0.5556,6.42,6.22
PMC5918616_table_3,0.9074,0.9902,74,0.209,3,0.010582,0.03967,99,89,0.0092,1.798,10,89,4,4,3,0.5833,18.67,13.31
PMC5918242_table_0,1.0,0.9858,28,0.213329,0,2e-06,0.004748,32,28,0.0282,1.75,5,28,0,7,4,0.6429,4.39,3.99
PMC5909254_table_1,0.9543,0.9852,230,0.172676,3,0.007495,0.005025,248,240,0.0039,1.9355,22,240,5,30,8,0.4167,6.18,5.49
PMC5908716_table_0,1.0,0.9925,27,0.721382,0,1e-06,0.065909,30,27,0.031,1.8,9,27,1,9,3,0.2963,12.53,7.33
PMC5907382_table_2,1.0,0.9813,30,0.129236,0,1e-06,0.007773,136,117,0.0064,1.7206,14,117,6,6,5,0.6,5.52,6.71
PMC5903029_table_1,0.7297,0.9894,72,0.178314,0,1e-06,0.032969,78,72,0.012,1.8462,8,72,0,12,6,0.0694,14.29,8.86
PMC5900424_table_1,0.4655,0.9798,24,0.162353,0,2e-06,0.082727,56,48,0.0156,1.7143,2,48,0,6,4,0.75,12.96,7.07
PMC5900004_table_0,0.9423,0.9915,34,0.197702,2,1e-06,0.040644,39,36,0.0243,1.8462,11,36,0,12,3,0.8611,4.21,5.42
PMC5899331_table_0,0.967,0.978,60,0.218023,0,3e-06,0.005749,63,60,0.0154,1.9048,21,60,0,20,3,0.5833,11.19,4.93
PMC5898754_table_1,0.8147,0.9651,168,0.165395,0,2e-06,0.004672,176,168,0.0055,1.9091,14,168,0,21,8,0.6845,7.59,4.56
PMC5897019_table_3,0.417,0.8918,345,0.146433,3,0.004019,0.003909,360,351,0.0027,1.95,4,351,251,39,9,0.1681,13.48,7.2
PMC5890103_table_0,1.0,0.9842,23,0.284657,1,0.014653,0.042347,26,24,0.0369,1.8462,0,24,1,12,2,0.6667,18.57,12.74
PMC5889424_table_0,1.0,0.9893,79,0.215196,3,0.016899,0.042154,91,84,0.0103,1.8462,1,84,4,12,7,0.7857,10.16,8.09
PMC5886460_table_0,0.9302,0.983,30,0.45524,14,3e-06,0.011446,48,44,0.0195,1.8333,5,44,0,11,4,0.2727,13.17,9.41
PMC5884212_table_3,0.6212,0.9898,126,0.212399,0,2e-06,0.005441,132,126,0.0073,1.9091,3,126,0,21,6,0.9127,5.52,5.01
PMC5883039_table_0,1.0,0.9942,60,0.09467,0,1e-06,0.030897,130,120,0.0072,1.8462,24,120,0,12,5,0.7333,5.28,2.59
PMC5880921_table_0,1.0,0.9869,39,0.229752,6,0.05171,0.055857,84,76,0.0109,1.8095,12,76,10,12,4,0.5417,10.8,6.13
PMC5879344_table_1,0.2992,0.9915,81,0.14781,0,1e-06,0.034719,90,81,0.0101,1.8,11,81,1,9,9,0.4568,6.13,3.66
PMC5877034_table_2,0.6957,0.9913,8,1.042291,0,1e-06,0.201171,19,14,0.0409,1.4737,8,14,1,2,3,0.0,46.0,45.38
PMC5875105_table_0,0.7615,0.9831,105,0.224552,1,0.019427,0.037971,276,258,0.0034,1.8696,12,258,23,18,6,0.6019,10.6,10.14
PMC5870935_table_4,1.0,0.9869,48,0.269577,2,0.015581,0.005093,87,78,0.0104,1.7931,10,78,2,7,4,0.6429,5.58,5.48
PMC5870347_table_1,0.7838,0.9838,24,0.441779,0,2e-06,0.00684,27,24,0.0342,1.7778,13,24,0,8,3,0.0,18.21,12.93
PMC5869324_table_1,0.9795,0.9834,108,0.205088,0,1e-06,0.047626,306,288,0.0031,1.8824,39,288,0,20,9,0.7833,5.51,2.87
PMC5868796_table_4,1.0,0.9921,72,0.215422,3,0.000488,0.046659,80,75,0.0119,1.875,1,75,2,15,5,0.72,16.78,28.94
PMC5862175_table_0,0.2069,0.9693,40,0.535708,5,2e-06,0.093658,54,52,0.0182,1.9259,10,52,0,26,2,0.1154,31.1,23.75
PMC5859731_table_1,1.0,0.9821,25,0.160615,3,0.017464,0.056966,264,243,0.0035,1.8409,7,243,11,19,7,0.609,4.42,4.84
PMC5859290_table_0,1.0,0.9927,16,0.260524,0,0.0,0.045306,18,16,0.0523,1.7778,5,16,0,8,2,0.5625,23.88,17.65
PMC5856832_table_1,0.7771,0.9751,119,0.11168,10,0.000917,0.003937,144,135,0.0066,1.875,14,135,2,15,9,0.5778,8.33,4.64
PMC5856785_table_0,0.5128,0.9917,36,0.157482,1,0.061756,0.002353,100,85,0.0086,1.7,17,85,0,8,5,0.45,6.3,5.62
PMC5856344_table_0,0.9318,0.9736,32,0.202375,3,0.010545,0.002865,66,55,0.0128,1.6667,7,55,5,5,7,0.5429,8.53,5.71
PMC5853265_table_1,0.9701,0.9857,40,0.12449,0,1e-06,0.028759,45,40,0.0202,1.7778,8,40,0,8,5,0.9,4.97,2.37
PMC5853101_table_0,0.9647,0.9912,66,0.217982,0,5e-06,0.004856,69,66,0.0141,1.913,14,66,0,22,3,0.6212,6.14,5.34
PMC5851270_table_2,0.7651,0.9848,120,0.198725,0,7e-06,0.102185,128,120,0.0074,1.875,6,120,0,15,8,0.7,8.18,9.77
PMC5851088_table_2,0.9756,0.9848,62,0.232505,4,2e-06,0.005219,205,192,0.0046,1.8732,35,192,3,18,7,0.8095,5.52,2.91
PMC5848584_table_1,1.0,0.9897,56,0.340109,0,2e-06,0.081121,139,128,0.0067,1.8417,15,128,2,8,7,0.625,16.45,21.23
PMC5848562_table_0,1.0,0.9374,8,0.321893,0,1e-06,0.007885,30,24,0.0276,1.6,6,24,2,4,4,0.6875,11.73,7.63
PMC5846227_table_0,0.875,0.9859,24,0.205843,0,1e-06,0.02173,47,42,0.0194,1.7872,0,42,0,8,3,0.875,3.08,3.97
PMC5845053_table_1,0.6176,0.9397,45,0.352414,3,0.061517,0.023671,52,48,0.0181,1.8462,4,48,0,12,4,0.5208,19.95,9.85
PMC5844958_table_1,0.4352,0.9806,144,0.190495,6,0.001281,0.088827,160,150,0.0059,1.875,16,150,63,15,10,0.7133,11.73,11.1
PMC5840208_table_0,0.8614,0.9863,150,0.110764,0,4e-06,0.060523,160,150,0.0059,1.875,9,150,1,15,10,0.5333,3.46,5.15
PMC5836930_table_0,0.5714,0.9887,28,1.316758,0,5e-06,0.1037,30,28,0.0322,1.8667,1,28,0,14,2,0.4643,75.79,47.21
PMC5819191_table_2,0.6507,0.9906,64,0.167684,1,0.066298,0.008461,213,189,0.0042,1.7746,7,189,25,9,6,0.2593,10.69,6.5
PMC5818858_table_0,0.869,0.9887,165,0.105454,23,0.000825,0.005498,209,190,0.0044,1.8182,14,190,4,10,19,0.6737,3.71,3.56
PMC5817137_table_2,0.8462,0.9707,32,0.293061,2,0.037043,0.065601,40,35,0.0224,1.75,1,35,1,7,5,0.5714,11.26,9.42
PMC5817082_table_0,1.0,0.9907,51,0.296423,1,0.176575,0.039111,60,55,0.0155,1.8333,7,55,4,11,5,0.8182,15.34,20.15
PMC5816126_table_3,1.0,0.9852,12,0.335282,0,0.0,0.02385,15,12,0.0571,1.6,0,12,1,4,3,0.75,8.92,5.74
PMC5814496_table_0,0.9314,0.9842,65,0.148818,3,0.034144,0.061816,81,72,0.0111,1.7778,3,72,10,8,9,0.7778,8.12,7.07
PMC5813940_table_0,0.9343,0.924,119,0.219866,0,7e-06,0.056135,126,119,0.0076,1.8889,1,119,0,17,7,0.8655,10.72,5.0
PMC5813082_table_0,1.0,0.9923,40,0.221817,2,3e-06,0.022775,48,42,0.0186,1.75,4,42,0,7,6,0.7143,5.0,4.72
PMC5809984_table_1,0.7869,0.9883,28,1.80119,2,5e-06,0.125214,48,46,0.0204,1.9167,3,46,0,23,2,0.1304,124.32,118.53
PMC5806269_table_1,0.8511,0.9707,87,0.098025,2,0.004608,0.005965,98,91,0.0096,1.8571,5,91,5,13,7,0.8462,6.53,3.54
PMC5802839_table_0,0.557,0.949,28,0.138344,0,2e-06,0.001819,32,28,0.0282,1.75,13,28,0,7,4,0.3929,9.0,7.73
PMC5802451_table_3,0.8398,0.9919,70,0.126331,0,1e-06,0.083008,161,147,0.0057,1.8261,8,147,6,10,7,0.6857,7.07,7.97
PMC5799924_table_1,0.1429,0.9665,21,1.374839,3,7e-06,0.058248,36,34,0.027,1.8889,2,34,1,17,2,0.4706,99.81,72.48
PMC5799924_table_0,0.6613,0.99,75,0.594094,0,1.5e-05,0.079885,80,75,0.0119,1.875,5,75,4,15,5,0.3733,40.35,35.7
PMC5795945_table_0,0.9907,0.9883,156,0.094283,3,0.02793,0.023272,180,171,0.0053,1.9,1,171,0,19,9,0.8304,3.92,5.88
PMC5794816_table_1,0.764,0.9914,35,0.226048,3,0.020158,0.046969,88,80,0.0104,1.8182,6,80,10,9,4,0.8611,16.47,24.88
PMC5794168_table_1,0.9832,0.9913,268,0.127986,25,0.004825,0.151901,330,308,0.0028,1.8667,3,308,17,14,22,0.7532,5.5,4.75
PMC5787559_table_1,0.9605,0.9926,45,0.445922,0,3e-06,0.030672,50,45,0.0184,1.8,0,45,0,9,5,0.8222,25.47,41.68
PMC5785507_table_0,0.9636,0.9812,100,0.22514,0,1e-06,0.002427,104,100,0.0093,1.9231,11,100,0,25,4,0.51,14.53,11.26
PMC5783372_table_0,0.8553,0.9907,61,0.719979,2,0.015355,0.36445,70,63,0.013,1.8,5,63,0,9,7,0.254,44.06,62.07
PMC5780380_table_1,0.9677,0.9861,69,0.181314,4,1e-06,0.043825,85,80,0.0112,1.8824,8,80,1,16,5,0.5125,8.16,7.69
PMC5778762_table_0,0.9879,0.9906,184,0.141775,7,2e-06,0.01548,360,342,0.0026,1.9,10,342,0,22,9,0.6869,7.16,5.97
PMC5775614_table_6,0.8077,0.9889,85,0.231165,5,0.002178,0.006294,96,90,0.0099,1.875,15,90,2,15,6,0.6333,7.54,5.19
PMC5772149_table_3,0.9792,0.9914,105,0.138802,0,3e-06,0.018977,112,105,0.0084,1.875,11,105,0,15,7,0.6667,5.42,7.06
PMC5770851_table_1,0.9958,0.9841,159,0.182129,2,0.002569,0.004314,168,161,0.0057,1.9167,11,161,3,23,7,0.7826,6.95,6.52
PMC5768803_table_0,0.6364,0.986,124,0.273931,33,5e-06,0.04136,195,190,0.005,1.9487,30,190,0,38,5,0.4053,14.47,13.76
PMC5768265_table_0,0.9316,0.898,128,0.307022,0,9e-06,0.018839,198,188,0.0048,1.899,21,188,1,32,4,0.6953,10.9,8.25
PMC5765559_table_2,0.3116,0.9885,170,0.215644,0,1.4e-05,0.005118,175,170,0.0056,1.9429,31,170,0,34,5,0.7118,9.24,9.12
PMC5763304_table_2,0.1395,0.9026,42,0.255421,0,1e-06,0.068306,48,42,0.0186,1.75,2,42,0,7,6,0.8571,13.57,2.7
PMC5762869_table_0,1.0,0.9931,22,0.226101,3,0.013536,0.019089,30,25,0.0287,1.6667,2,25,3,5,5,0.64,7.29,3.92
PMC5759799_table_2,0.7746,0.9797,107,0.232485,13,0.002929,0.04621,147,140,0.0065,1.9048,6,140,2,20,7,0.5786,6.15,5.12
PMC5756565_table_1,0.4931,0.9085,87,0.24454,1,0.006863,0.026927,211,200,0.0045,1.8957,29,200,0,22,4,0.6932,8.21,4.93
PMC5753490_table_4,1.0,0.9829,24,0.21424,4,0.012862,0.009423,87,76,0.0102,1.7471,12,76,4,12,4,0.7083,8.96,5.43
PMC5753022_table_10,1.0,0.9938,20,0.119057,0,2e-06,0.002425,187,157,0.0045,1.6791,21,157,16,3,3,0.5556,6.11,4.28
PMC5752449_table_7,0.8333,0.9358,40,0.268905,0,1e-06,0.006661,44,40,0.0211,1.8182,5,40,4,10,4,0.675,10.38,11.88
PMC5750409_table_0,1.0,0.9897,23,0.766693,5,0.514817,0.06063,33,30,0.0284,1.8182,4,30,2,10,3,0.1,61.56,58.54
PMC5750338_table_1,0.2353,0.9332,10,0.397417,0,3e-06,0.00355,15,10,0.0476,1.3333,2,10,0,2,5,0.8,13.8,7.51
PMC5749824_table_1,0.8696,0.9924,62,0.470618,1,0.014698,0.081101,93,84,0.0098,1.8065,4,84,4,16,4,0.3438,46.55,52.47
PMC5748832_table_0,0.8039,0.9852,41,0.500951,1,0.001432,0.161218,90,78,0.0097,1.7333,9,78,4,6,6,0.4722,31.22,57.2
PMC5748307_table_0,1.0,0.9929,30,0.311757,0,5e-06,0.004298,197,178,0.0046,1.8071,45,178,0,10,2,0.35,9.28,4.54
PMC5742484_table_3,0.4,0.9616,8,0.845153,0,5e-06,0.189704,10,8,0.0889,1.6,3,8,0,4,2,0.0,59.62,52.67
PMC5742097_table_0,0.9932,0.9927,162,0.115487,4,0.094899,0.022888,190,180,0.005,1.8947,0,180,9,18,10,0.9333,6.66,9.44
PMC5738574_table_0,0.4,0.9811,12,0.417554,1,1e-06,0.045092,18,16,0.0523,1.7778,1,16,0,8,2,0.5625,29.75,20.86
PMC5737976_table_0,0.9605,0.9898,210,0.187181,0,2e-06,0.005066,217,210,0.0045,1.9355,23,210,0,30,7,0.4333,9.09,4.06
PMC5736538_table_0,1.0,0.9915,62,0.277644,0,2e-06,0.017965,64,62,0.0154,1.9375,15,62,0,31,2,0.0,12.65,7.44
PMC5735528_table_2,1.0,0.9871,16,0.351662,0,1e-06,0.036044,466,448,0.0021,1.9227,14,448,45,8,2,0.4375,19.0,10.44
PMC5732483_table_3,0.3059,0.8986,40,0.164333,0,1e-06,0.013241,144,128,0.0062,1.7778,9,128,2,5,8,0.775,6.8,3.5
PMC5726132_table_1,0.9524,0.9792,56,0.643627,3,4e-06,0.134715,70,65,0.0135,1.8571,3,65,4,13,5,0.6154,24.87,28.48
PMC5725967_table_1,0.7714,0.9762,30,0.39921,0,2e-06,0.056565,32,30,0.0302,1.875,0,30,1,15,2,0.4667,26.26,23.99
PMC5725400_table_0,1.0,0.9743,32,0.214243,3,0.01217,0.007711,40,35,0.0224,1.75,0,35,2,7,5,0.8857,5.03,2.85
PMC5721307_table_1,0.4844,0.958,40,0.309013,0,0.0,0.039589,44,40,0.0211,1.8182,0,40,1,10,4,0.75,13.35,6.02
PMC5704211_table_0,0.4872,0.9915,28,0.412029,16,0.004017,0.010393,48,44,0.0195,1.8333,8,44,1,11,4,0.25,12.07,15.72
PMC5703645_table_0,0.9213,0.9894,75,0.27461,5,0.051747,0.047882,91,84,0.0103,1.8462,1,84,10,12,7,0.8214,11.46,13.34
PMC5702100_table_2,0.5429,0.9907,102,0.228958,0,2e-06,0.026672,108,102,0.0088,1.8889,14,102,0,17,6,0.7843,6.92,4.43
PMC5702051_table_1,1.0,0.9888,60,0.135966,0,2e-06,0.059789,204,192,0.0046,1.8824,30,192,4,22,6,0.7727,4.69,4.9
PMC5700218_table_0,0.9381,0.9774,63,0.16688,0,4e-06,0.037279,66,63,0.0147,1.9091,34,63,0,21,3,0.6032,8.47,4.43
PMC5700095_table_1,0.972,0.9935,44,0.189744,0,1e-06,0.002699,108,99,0.0086,1.8333,8,99,0,11,5,0.7091,6.33,4.0
PMC5696470_table_0,0.8947,0.9843,14,0.37453,0,0.0,0.003241,16,14,0.0583,1.75,7,14,0,7,2,0.3571,27.36,21.51
PMC5695820_table_1,0.8298,0.9908,63,0.14439,0,1e-06,0.00345,72,63,0.0123,1.75,8,63,0,7,9,0.6667,6.89,5.13
PMC5695299_table_1,0.8,0.9357,15,0.308201,1,0.004102,0.077824,20,16,0.0421,1.6,2,16,1,4,4,0.4375,13.54,14.21
PMC5694007_table_2,0.8929,0.9882,23,0.21899,2,0.070968,0.002945,30,27,0.031,1.8,8,27,0,9,3,0.0,10.87,7.68
PMC5694007_table_0,0.352,0.9666,40,0.11269,0,1e-06,0.004134,96,88,0.0096,1.8333,6,88,0,12,4,0.6875,9.15,5.11
PMC5689832_table_0,1.0,0.985,45,0.250015,0,2e-06,0.005161,50,45,0.0184,1.8,18,45,0,9,5,0.6889,5.82,5.63
PMC5686396_table_1,1.0,0.9852,19,0.392537,1,0.032242,0.034711,24,20,0.0362,1.6667,5,20,0,5,4,0.35,12.18,15.52
PMC5682895_table_1,1.0,0.992,20,0.489479,2,2e-06,0.004873,54,48,0.0168,1.7778,17,48,0,8,3,0.375,5.55,6.22
PMC5679323_table_2,1.0,0.9938,12,0.422485,0,1e-06,0.117346,15,12,0.0571,1.6,6,12,0,4,3,0.0,29.75,27.42
PMC5678699_table_1,0.6111,0.9322,13,0.260007,2,0.087166,0.003657,44,37,0.0196,1.6818,8,37,2,7,3,0.4286,10.29,8.41
PMC5676011_table_0,0.3385,0.9261,26,0.268767,4,2e-06,0.005605,53,45,0.0163,1.6981,7,45,2,6,5,0.6,5.46,3.27
PMC5675306_table_4,0.9651,0.9862,51,0.270993,4,0.010254,0.007664,90,82,0.0102,1.8222,14,82,1,11,5,0.6909,10.62,4.63
PMC5674024_table_2,0.7713,0.9886,94,0.166744,2,0.031394,0.024793,108,102,0.0088,1.8889,7,102,1,17,6,0.5686,13.09,13.36
PMC5671719_table_1,0.9773,0.9923,160,0.15474,0,3e-06,0.00574,328,320,0.003,1.9512,68,320,2,40,4,0.5,4.01,3.88
PMC5670104_table_1,0.9765,0.9913,80,0.217454,0,4e-06,0.037362,145,136,0.0065,1.8759,18,136,1,14,4,0.4286,13.0,4.35
PMC5669461_table_1,1.0,0.9916,28,0.17918,0,3e-06,0.031582,120,98,0.0069,1.6333,22,98,0,4,7,0.75,8.07,2.37
PMC5665859_table_1,0.3963,0.9552,142,0.120306,6,0.013222,0.007073,226,217,0.0043,1.9204,22,217,7,38,4,0.6513,8.33,4.23
PMC5664773_table_1,0.9431,0.9908,48,0.350156,0,3e-06,0.045738,141,133,0.0067,1.8865,16,133,0,16,3,0.5833,18.25,7.57
PMC5664773_table_0,1.0,0.9903,51,0.268255,0,2e-06,0.020295,54,51,0.0178,1.8889,8,51,0,17,3,0.6863,7.64,5.03
PMC5664702_table_0,1.0,0.9915,219,0.206527,1,0.000877,0.026135,225,220,0.0044,1.9556,39,220,0,44,5,0.3727,8.61,5.19
PMC5171860_table_1,0.4167,0.9589,20,0.217941,0,0.0,0.00337,24,20,0.0362,1.6667,3,20,1,5,4,0.25,22.67,10.62
PMC5159957_table_0,0.833,0.9854,162,0.18246,4,0.003216,0.036017,176,168,0.0055,1.9091,3,168,4,21,8,0.756,9.9,12.78
PMC5153858_table_2,0.8667,0.9831,36,0.337643,0,3e-06,0.025875,110,102,0.0085,1.8545,7,102,1,11,3,0.5758,14.16,9.64
PMC5151101_table_1,0.5621,0.9462,105,0.251727,0,3e-06,0.063271,112,105,0.0084,1.875,17,105,0,15,7,0.6,13.11,8.58
PMC5142411_table_2,0.4857,0.9261,25,0.128796,0,1e-06,0.008538,30,25,0.0287,1.6667,4,25,0,5,5,0.64,6.12,4.41
PMC5135792_table_1,1.0,0.9844,29,0.222886,4,0.042441,0.008959,78,65,0.0108,1.6667,8,65,3,5,7,0.6286,9.09,5.63
PMC5126619_table_2,1.0,0.9927,29,0.196604,1,0.130788,0.018125,120,100,0.007,1.6667,22,100,16,5,6,0.7,7.6,13.21
PMC5125284_table_4,1.0,0.9909,22,0.297697,2,0.022994,0.036116,193,177,0.0048,1.8342,30,177,11,8,5,0.725,7.25,11.14
PMC5123339_table_4,0.8736,0.9875,34,0.468397,0,1.5e-05,0.068159,116,109,0.0082,1.8793,15,109,0,15,5,0.8267,14.56,15.62
PMC5122147_table_3,0.6786,0.9443,74,0.231308,4,0.003824,0.007201,84,78,0.0112,1.8571,2,78,2,13,6,0.7692,8.79,6.7
PMC5120778_table_1,0.7154,0.9918,95,0.219305,1,0.001919,0.003616,102,96,0.0093,1.8824,9,96,1,16,6,0.6458,6.07,3.64
PMC5120180_table_0,1.0,0.9882,196,0.175404,0,6e-06,0.004371,203,196,0.0048,1.931,9,196,0,28,7,0.4133,6.91,7.14
PMC5115666_table_4,1.0,0.9927,78,0.215828,0,0.0,0.004629,203,190,0.0046,1.8719,16,190,0,13,6,0.7692,9.49,5.22
PMC5114839_table_0,0.6144,0.8865,65,0.264234,0,6e-06,0.004847,70,65,0.0135,1.8571,5,65,1,13,5,0.6923,13.62,7.75
PMC5114281_table_1,0.9333,0.9922,23,0.318505,3,0.064309,0.074699,35,28,0.0235,1.6,4,28,5,4,7,0.5714,11.85,9.75
PMC5111207_table_0,1.0,0.9744,24,0.163248,0,1e-06,0.0064,190,177,0.0049,1.8632,18,177,5,6,4,0.75,7.08,3.57
PMC5110599_table_1,0.6342,0.9479,153,0.152494,0,4e-06,0.058362,162,153,0.0059,1.8889,13,153,2,17,9,0.7516,5.01,3.94
PMC5107939_table_0,0.9751,0.985,127,0.113376,3,0.000624,0.033433,135,130,0.0072,1.9259,3,130,2,26,5,0.8077,5.95,6.47
PMC5107913_table_1,0.5684,0.9711,262,0.144049,7,0.069825,0.0189,297,288,0.0033,1.9394,4,288,0,32,9,0.7604,10.08,7.32
PMC5102689_table_3,0.9925,0.9864,43,0.19064,9,0.057571,0.001985,112,96,0.0077,1.7143,9,96,6,8,8,0.4531,6.26,6.09
PMC5102639_table_1,0.7037,0.9835,40,1.042454,0,1e-05,0.283523,44,40,0.0211,1.8182,3,40,1,10,4,0.5,32.52,61.13
PMC5100850_table_1,0.86,0.9844,32,0.213783,3,0.036206,0.017981,42,36,0.0209,1.7143,2,36,4,6,6,0.75,12.09,4.81
PMC5091918_table_5,1.0,0.9849,109,0.228836,12,3e-06,0.004493,245,217,0.0036,1.7714,19,217,12,19,7,0.4135,8.96,8.87
PMC5090951_table_0,0.9259,0.9801,18,0.216601,0,3e-06,0.007271,21,18,0.0429,1.7143,5,18,0,6,3,0.3889,15.17,7.23
PMC5088735_table_3,1.0,0.994,17,0.219396,3,0.006535,0.038795,48,40,0.0177,1.6667,6,40,3,5,4,0.55,9.05,6.13
PMC5085784_table_1,1.0,0.99,12,0.370724,0,0.0,0.026544,15,12,0.0571,1.6,8,12,0,4,3,0.4167,19.0,24.01
PMC5085684_table_0,0.6364,0.9711,33,0.713655,1,1e-06,0.056843,36,34,0.027,1.8889,4,34,0,17,2,0.7353,37.52,18.68
PMC5070840_table_1,0.7843,0.9789,86,0.270551,1,0.078482,0.003591,140,130,0.0067,1.8571,14,130,5,18,5,0.5111,9.67,4.13
PMC5069619_table_0,0.5417,0.9936,20,0.507282,0,1e-06,0.047568,42,36,0.0209,1.7143,10,36,1,8,2,0.0625,48.93,59.84
PMC5063756_table_0,0.4444,0.9913,26,0.560571,3,1e-06,0.060323,32,30,0.0302,1.875,8,30,0,15,2,0.0667,36.84,34.27
PMC5057508_table_1,0.9577,0.9925,37,0.224622,2,0.006186,0.006342,84,78,0.0112,1.8571,26,78,2,13,3,0.5897,4.26,2.79
PMC5057124_table_1,0.6034,0.9906,119,0.079624,0,1e-06,0.002087,126,119,0.0076,1.8889,16,119,0,17,7,0.8067,4.45,1.6
PMC5057034_table_5,0.6316,0.7479,24,0.201252,0,0.0,0.025429,60,48,0.0136,1.6,2,48,0,4,6,0.75,11.71,3.76
PMC5055310_table_2,1.0,0.9889,160,0.26417,0,7e-06,0.004831,165,160,0.0059,1.9394,13,160,0,32,5,0.6438,6.27,9.32
PMC5053088_table_1,0.625,0.9679,24,0.343687,0,9e-06,0.031687,26,24,0.0369,1.8462,3,24,1,12,2,0.4583,15.05,6.57
PMC5048606_table_0,1.0,0.987,33,0.443912,0,3e-06,0.006785,188,177,0.005,1.883,5,177,6,11,3,0.6364,14.88,6.8
PMC5045475_table_2,0.3529,0.9861,243,0.136755,0,9e-06,0.049309,252,243,0.0038,1.9286,10,243,1,27,9,0.4486,5.43,2.39
PMC5043269_table_1,0.8,0.9782,25,0.097812,0,0.0,0.005686,30,25,0.0287,1.6667,9,25,0,5,5,0.84,6.92,8.5
PMC5042923_table_39,0.7545,0.9881,64,0.075443,0,1e-06,0.00606,72,64,0.0125,1.7778,4,64,1,8,8,0.7969,5.5,1.82
PMC5040713_table_2,0.599,0.9894,306,0.1397,8,0.000435,0.021659,324,315,0.003,1.9444,14,315,32,35,9,0.6508,7.13,8.94
PMC5037596_table_0,0.9694,0.9852,380,0.113015,24,0.010461,0.019568,429,416,0.0023,1.9394,3,416,11,32,13,0.6803,3.39,3.85
PMC5029516_table_0,0.7021,0.9924,32,0.819734,0,6e-06,0.210468,36,32,0.0254,1.7778,3,32,0,8,4,0.0938,58.59,44.78
PMC5025609_table_3,1.0,0.9918,135,0.195641,3,0.01774,0.012758,273,260,0.0035,1.9048,47,260,8,20,6,0.1583,4.97,4.58
PMC5024483_table_1,0.9215,0.9893,144,0.169081,0,3e-06,0.049534,250,243,0.0039,1.944,48,243,2,33,3,0.6061,11.31,6.93
PMC5020512_table_1,1.0,0.9867,57,0.218195,0,5e-06,0.006276,132,126,0.0073,1.9091,43,126,2,19,3,0.5439,5.31,3.14
PMC5017654_table_0,0.9688,0.9921,23,0.274325,2,0.026896,0.004833,30,25,0.0287,1.6667,4,25,3,5,5,0.68,5.44,3.05
PMC5004265_table_0,0.9189,0.9849,27,0.239446,3,1e-06,0.006629,33,30,0.0284,1.8182,11,30,0,10,3,0.3667,9.52,4.88
PMC5004263_table_1,0.1667,0.9142,20,0.182655,0,1e-06,0.046938,24,20,0.0362,1.6667,0,20,0,5,4,0.8,11.4,3.89
PMC5000456_table_0,0.9744,0.9875,52,0.368788,0,5e-06,0.062453,54,52,0.0182,1.9259,20,52,0,26,2,0.3269,18.27,15.16
PMC4994953_table_0,1.0,0.992,54,0.308199,0,1e-06,0.003851,57,54,0.0169,1.8947,16,54,1,18,3,0.9444,3.13,3.22
PMC4993456_table_1,1.0,0.9886,100,0.327087,0,4e-06,0.00495,104,100,0.0093,1.9231,18,100,0,25,4,0.72,6.72,6.14
PMC4989900_table_1,1.0,0.9825,29,0.223178,6,0.005133,0.007429,42,35,0.0203,1.6667,2,35,1,5,7,0.4857,10.77,7.44
PMC4986270_table_4,0.7025,0.9806,180,0.145682,5,0.063081,0.007551,210,200,0.0046,1.9048,5,200,9,20,10,0.68,8.38,5.96
PMC4985601_table_1,0.9104,0.9693,83,0.102912,3,0.003722,0.051638,324,297,0.0028,1.8333,25,297,48,19,9,0.4561,7.57,5.97
PMC4984658_table_0,1.0,0.9928,29,0.170989,3,0.005576,0.033546,186,168,0.0049,1.8065,12,168,6,16,4,0.75,5.4,4.72
PMC4981633_table_9,0.8462,0.9846,36,0.226595,0,9e-06,0.024826,136,120,0.0065,1.7647,25,120,4,5,4,0.5,10.89,19.26
PMC4981633_table_10,0.8235,0.984,41,0.238008,3,0.185281,0.022521,72,64,0.0125,1.7778,12,64,2,11,4,0.4773,13.67,21.86
PMC4981119_table_1,0.95,0.9908,42,0.549769,0,3e-06,0.030825,44,42,0.0222,1.9091,13,42,1,21,2,0.4048,13.0,10.63
PMC4975887_table_0,1.0,0.9906,20,0.821305,0,2e-06,0.14777,25,20,0.0333,1.6,3,20,1,4,5,0.35,53.0,39.35
PMC4971532_table_0,0.7037,0.9773,18,0.289629,2,0.0,0.103517,24,20,0.0362,1.6667,8,20,0,5,4,0.55,22.61,26.83
PMC4971320_table_0,1.0,0.9919,39,0.194964,2,5e-06,0.00519,161,145,0.0056,1.8012,30,145,9,12,4,0.5417,6.14,8.2
PMC4970793_table_2,0.9091,0.9733,119,0.181645,0,2e-06,0.030366,126,119,0.0076,1.8889,1,119,0,17,7,0.8319,12.58,3.94
PMC4960271_table_2,0.9134,0.9913,120,0.167624,0,7e-06,0.0554,126,120,0.0076,1.9048,10,120,1,20,6,0.45,7.65,5.16
PMC4957780_table_1,1.0,0.9882,80,0.162937,0,8e-06,0.004895,184,164,0.0049,1.7826,28,164,2,10,8,0.7875,4.34,5.45
PMC4950632_table_0,0.7083,0.9722,16,0.550376,0,1e-06,0.020733,20,16,0.0421,1.6,2,16,0,4,4,0.5625,27.12,21.5
PMC4949185_table_0,1.0,0.9933,18,0.630408,0,4e-06,0.119854,20,18,0.0474,1.8,8,18,0,9,2,0.0,42.72,42.18
PMC4946235_table_3,0.8148,0.9574,20,0.20291,0,1e-06,0.056106,24,20,0.0362,1.6667,3,20,0,5,4,0.6,14.44,8.17
PMC4946235_table_0,1.0,0.991,30,0.523654,5,1e-06,0.006989,50,48,0.0196,1.92,16,48,0,24,2,0.1042,23.87,11.05
PMC4945536_table_1,0.8478,0.9853,31,0.144701,2,2e-06,0.007181,40,35,0.0224,1.75,4,35,1,7,5,0.6571,4.39,3.31
PMC4944581_table_1,0.9208,0.9815,105,0.342031,8,0.152151,0.073102,133,126,0.0072,1.8947,8,126,6,18,7,0.5635,10.41,21.77
PMC4940824_table_1,1.0,0.9904,57,0.218964,0,0.0,0.00468,60,57,0.0161,1.9,14,57,1,19,3,0.5088,5.78,5.54
PMC4940749_table_2,0.9878,0.9879,190,0.265111,0,1.3e-05,0.00632,195,190,0.005,1.9487,33,190,0,38,5,0.6737,6.88,5.93
PMC4939003_table_0,1.0,0.9846,200,0.225194,2,0.00751,0.003225,210,204,0.0046,1.9429,29,204,4,34,6,0.6961,8.17,4.34
PMC4937094_table_0,0.9048,0.9906,32,0.227159,0,1e-06,0.132407,90,77,0.0096,1.7111,13,77,4,4,8,0.375,11.0,5.54
PMC4934873_table_0,1.0,0.9496,35,0.259458,0,0.0,0.006834,40,35,0.0224,1.75,3,35,0,7,5,0.4286,13.56,8.29
PMC4930577_table_6,1.0,0.9912,57,0.219599,0,1e-06,0.003663,60,57,0.0161,1.9,0,57,0,19,3,0.9474,13.47,11.83
PMC4929760_table_2,0.9883,0.972,170,0.199293,3,0.007924,0.022605,182,175,0.0053,1.9231,16,175,4,25,7,0.7257,11.9,4.34
PMC4929119_table_2,0.959,0.9863,72,0.298969,0,4e-06,0.016423,164,149,0.0056,1.8171,5,149,7,7,11,0.3377,5.91,5.15
PMC4928438_table_0,0.9531,0.9721,78,0.191989,0,2e-06,0.013182,84,78,0.0112,1.8571,2,78,0,13,6,0.7821,8.88,4.03
PMC4927544_table_2,0.9091,0.9837,57,0.177277,1,0.018791,0.013296,64,60,0.0149,1.875,4,60,3,15,4,0.8333,6.94,6.34
PMC4911609_table_2,0.9041,0.916,44,0.223189,0,2e-06,0.002197,48,44,0.0195,1.8333,4,44,0,11,4,0.6818,16.27,18.64
PMC4910200_table_0,0.9602,0.9887,156,0.226399,0,2e-06,0.024052,162,156,0.006,1.9259,4,156,0,26,6,0.7115,12.81,9.43
PMC4910079_table_3,0.08,0.9837,83,0.109105,3,0.017302,0.002051,99,90,0.0093,1.8182,1,90,6,10,9,0.9333,8.07,2.07
PMC4908719_table_0,0.5294,0.9182,25,0.178279,2,0.019081,0.006087,32,28,0.0282,1.75,3,28,12,7,4,0.3571,7.86,5.24
PMC4896964_table_2,0.9176,0.9925,31,0.240413,4,0.017754,0.033578,42,35,0.0203,1.6667,3,35,3,5,7,0.6571,6.91,7.04
PMC4896030_table_0,0.6364,0.9651,32,0.16136,0,2e-06,0.007715,40,32,0.0205,1.6,5,32,0,4,8,0.4375,7.8,5.47
PMC4891926_table_5,0.754,0.9737,202,0.209088,6,0.036752,0.03537,217,210,0.0045,1.9355,48,210,0,30,7,0.8048,10.31,14.22
PMC4891926_table_0,0.754,0.9737,202,0.209088,6,0.036752,0.03537,217,210,0.0045,1.9355,48,210,0,30,7,0.8048,10.31,14.22
PMC4891353_table_0,0.2105,0.9575,15,0.594747,1,0.075525,0.107352,18,16,0.0523,1.7778,1,16,1,8,2,0.875,29.94,23.42
PMC4888511_table_2,0.9618,0.9698,52,0.278365,3,0.003305,0.008333,60,55,0.0155,1.8333,7,55,2,11,5,0.5818,13.02,10.78
PMC4887059_table_7,1.0,0.9896,96,0.222639,0,4e-06,0.014835,147,136,0.0063,1.8503,30,136,0,16,6,0.7188,5.36,4.51
PMC4880924_table_2,0.7389,0.9631,69,0.309795,0,1e-06,0.020571,72,69,0.0135,1.9167,6,69,0,23,3,0.3043,18.62,14.89
PMC4873026_table_2,0.9394,0.9818,72,0.33241,0,2e-06,0.014085,76,72,0.0126,1.8947,19,72,1,18,4,0.3056,10.47,5.65
PMC4871534_table_2,1.0,0.9933,137,0.16648,7,0.002109,0.036853,289,272,0.0033,1.8824,23,272,7,16,9,0.5833,4.93,3.34
PMC4870643_table_2,0.7126,0.9708,108,0.152742,12,0.000867,0.033559,130,120,0.0072,1.8462,19,120,2,12,10,0.425,9.19,7.52
PMC4862804_table_3,0.9876,0.9903,103,0.156663,4,0.066287,0.031202,119,112,0.008,1.8824,14,112,6,16,7,0.75,8.11,8.77
PMC4861258_table_1,0.8045,0.959,81,0.151342,0,1e-06,0.019467,162,147,0.0056,1.8148,7,147,1,11,6,0.8939,6.32,3.62
PMC4860209_table_0,0.9714,0.9946,24,0.200571,0,2e-06,0.008231,27,24,0.0342,1.7778,8,24,0,8,3,0.5417,6.35,6.36
PMC4858860_table_1,0.9593,0.9902,72,0.27438,3,0.010224,0.007098,80,75,0.0119,1.875,4,75,2,15,5,0.72,13.15,2.89
PMC4844632_table_2,0.4898,0.9904,27,1.453654,4,1e-06,0.086535,66,63,0.0147,1.9091,3,63,0,21,3,0.0,79.81,53.46
PMC4844579_table_2,0.8906,0.9904,40,0.363445,0,1e-06,0.084788,45,40,0.0202,1.7778,0,40,4,8,5,0.75,23.25,16.78
PMC4833900_table_1,0.7945,0.9868,73,0.145381,4,0.013992,0.002809,160,140,0.0055,1.75,4,140,12,8,10,0.85,7.3,4.46
PMC4830579_table_1,1.0,0.9944,256,0.082393,0,2e-06,0.007336,400,376,0.0024,1.88,18,376,1,15,8,0.9333,4.78,1.68
PMC4828485_table_6,0.9764,0.9906,48,0.342301,0,1e-06,0.033185,104,96,0.009,1.8462,6,96,0,12,4,0.625,13.02,9.62
PMC4828467_table_0,0.6866,0.991,52,0.446188,1,1e-06,0.017805,57,54,0.0169,1.8947,24,54,0,18,3,0.0,22.22,7.34
PMC4826280_table_1,1.0,0.9838,166,0.293274,1,5e-06,0.110018,176,168,0.0055,1.9091,29,168,0,21,8,0.119,13.04,9.33
PMC4826280_table_0,1.0,0.9838,166,0.293274,1,5e-06,0.110018,176,168,0.0055,1.9091,29,168,0,21,8,0.119,13.04,9.33
PMC4825992_table_2,1.0,0.9803,30,0.233845,0,2e-06,0.019726,106,90,0.0081,1.6981,16,90,1,6,4,0.7083,11.38,4.86
PMC4824762_table_3,0.8033,0.8982,38,0.275854,2,2e-06,0.036016,48,42,0.0186,1.75,0,42,0,7,6,0.7619,10.16,5.31
PMC4824410_table_3,1.0,0.9914,35,0.275506,0,1e-06,0.017762,40,35,0.0224,1.75,4,35,0,7,5,0.6286,12.52,11.44
PMC4817521_table_2,1.0,0.9936,34,0.09922,6,0.003275,0.001998,180,154,0.0048,1.7111,9,154,12,8,8,0.6406,3.56,2.36
PMC4817521_table_1,1.0,0.9936,34,0.09922,6,0.003275,0.001998,180,154,0.0048,1.7111,9,154,12,5,10,0.64,4.33,2.35
PMC4814867_table_0,0.8,0.9925,55,0.218624,3,1e-06,0.072385,66,60,0.014,1.8182,6,60,0,10,6,0.65,11.06,3.24
PMC4814073_table_0,1.0,0.9383,65,0.270645,0,2e-06,0.018073,70,65,0.0135,1.8571,1,65,0,13,5,0.7692,11.8,7.06
PMC4807111_table_3,0.6667,0.9377,44,0.237403,0,5e-06,0.01485,48,44,0.0195,1.8333,11,44,0,11,4,0.3636,13.08,16.13
PMC4802884_table_0,1.0,0.9927,16,0.880764,0,2e-06,0.082483,18,16,0.0523,1.7778,8,16,0,8,2,0.0,68.12,69.36
PMC4801400_table_0,0.7234,0.9905,17,0.315262,2,0.038815,0.006413,25,20,0.0333,1.6,3,20,2,4,5,0.4,7.62,7.73
PMC4785356_table_0,0.8333,0.9572,21,0.224087,0,1e-06,0.002712,24,21,0.038,1.75,7,21,1,7,3,0.2381,12.95,6.34
PMC4784492_table_0,0.9495,0.9836,45,0.166909,0,1e-06,0.031833,48,45,0.0199,1.875,0,45,0,15,3,0.9333,2.42,1.86
PMC4783660_table_2,0.6921,0.9875,120,0.074962,0,1e-06,0.00614,126,120,0.0076,1.9048,2,120,5,20,6,0.8083,5.66,4.36
PMC4783067_table_0,0.8802,0.9869,117,0.308183,0,3e-06,0.010526,120,117,0.0082,1.95,71,117,0,39,3,0.8547,10.56,9.97
PMC4754697_table_0,0.8676,0.9877,43,0.407634,1,0.167455,0.031265,54,48,0.0168,1.7778,6,48,5,8,6,0.4375,21.07,20.13
PMC4752951_table_0,0.4608,0.9039,82,0.3135,0,7e-05,0.029666,84,82,0.0118,1.9524,39,82,0,41,2,0.7195,8.01,5.91
PMC4752222_table_2,0.95,0.9888,50,0.188613,0,1e-06,0.015286,55,50,0.0168,1.8182,2,50,1,10,5,0.72,9.78,9.39
PMC4751736_table_0,0.9515,0.988,80,0.329315,0,3.5e-05,0.005391,82,80,0.012,1.9512,28,80,1,40,2,0.6375,9.64,6.59
PMC4746205_table_2,1.0,0.9755,50,0.20815,2,0.100831,0.006848,126,112,0.0071,1.7778,2,112,10,8,7,0.9107,3.74,4.0
PMC4741558_table_0,0.4615,0.9149,20,0.207457,0,0.0,0.013492,24,20,0.0362,1.6667,4,20,0,5,4,0.5,8.2,5.44
PMC4739353_table_3,0.5,0.9846,14,0.753497,2,0.0,0.004903,18,16,0.0523,1.7778,7,16,0,8,2,0.375,30.07,25.53
PMC4735712_table_2,0.9587,0.9825,47,0.197369,4,1e-06,0.022673,98,90,0.0095,1.8367,6,90,2,6,5,0.6,3.89,2.66
PMC4734855_table_5,0.9434,0.9887,58,0.157173,9,0.008937,0.008147,80,70,0.0111,1.75,6,70,5,7,10,0.4714,6.45,5.11
PMC4734855_table_4,0.9469,0.9814,78,0.219812,4,2e-06,0.004392,98,91,0.0096,1.8571,5,91,1,13,7,0.4066,11.57,7.59
PMC4733054_table_2,1.0,0.9922,36,0.341767,0,0.0,0.020239,40,36,0.0231,1.8,2,36,0,9,4,0.6667,10.58,4.5
PMC4732533_table_1,0.7647,0.9855,12,0.207712,0,0.0,0.035588,41,32,0.0195,1.561,12,32,2,4,5,0.7,8.53,4.66
PMC4730748_table_0,0.96,0.9809,94,0.239106,3,7e-06,0.065115,116,112,0.0084,1.931,31,112,0,28,4,0.3036,11.82,7.59
PMC4726200_table_0,0.8065,0.9836,22,0.343268,0,4e-06,0.08812,24,22,0.0399,1.8333,7,22,1,11,2,0.2727,27.0,22.87
PMC4725823_table_1,0.869,0.9793,135,0.136963,3,0.007304,0.023113,189,176,0.005,1.8624,5,176,9,6,6,0.8333,10.97,7.96
PMC4722052_table_1,0.8941,0.9771,30,0.194,0,1e-06,0.024808,63,54,0.0138,1.7143,9,54,6,6,5,0.7,7.87,6.6
PMC4721205_table_2,1.0,0.9898,52,0.224957,2,0.00377,0.005512,57,54,0.0169,1.8947,14,54,1,18,3,0.6111,10.32,5.71
PMC4720289_table_0,1.0,0.9865,15,0.32306,0,2e-06,0.021697,18,15,0.049,1.6667,5,15,0,5,3,0.1333,16.0,6.47
PMC4719958_table_0,0.6824,0.9216,30,0.271711,0,0.0,0.02548,183,174,0.0052,1.9016,2,174,3,6,5,0.8333,7.3,4.61
PMC4719831_table_2,0.9425,0.9874,105,0.243764,0,1e-06,0.040558,222,210,0.0043,1.8919,38,210,3,15,7,1.0,9.12,3.34
PMC4714885_table_3,0.9231,0.989,93,0.349431,2,0.02692,0.016654,100,96,0.0097,1.92,12,96,3,24,4,0.2917,16.33,7.63
PMC4702358_table_0,0.9778,0.9909,71,0.424533,1,0.011938,0.08571,76,72,0.0126,1.8947,14,72,0,18,4,0.1111,18.62,21.07
PMC4701767_table_3,0.9449,0.9778,378,0.13599,0,4e-06,0.03918,387,378,0.0025,1.9535,16,378,0,42,9,0.381,5.14,2.87
PMC4699166_table_1,1.0,0.9934,38,0.111374,4,0.002245,0.006976,112,98,0.0079,1.75,6,98,6,7,8,0.7321,5.77,2.82
PMC4697816_table_3,1.0,0.9595,40,0.272167,0,5e-06,0.016886,45,40,0.0202,1.7778,12,40,0,8,5,0.75,5.03,3.9
PMC4696327_table_2,0.6228,0.99,264,0.194887,6,0.00616,0.008324,280,273,0.0035,1.95,37,273,4,39,7,0.4872,5.64,3.81
PMC4694839_table_0,0.1667,0.835,12,0.538474,0,2e-06,0.002585,15,12,0.0571,1.6,3,12,0,4,3,0.9167,9.83,3.6
PMC4690833_table_0,0.9268,0.9822,28,0.166412,6,0.006673,0.007867,45,36,0.0182,1.6,2,36,4,4,9,0.6944,6.23,5.17
PMC4689005_table_3,0.9819,0.9862,145,0.219693,6,4e-06,0.07833,212,198,0.0044,1.8679,12,198,2,9,5,0.4222,18.97,22.76
PMC4681056_table_0,0.6116,0.9864,35,0.236106,1,4e-06,0.049491,66,60,0.014,1.8182,17,60,1,8,3,0.625,12.54,4.76
PMC4678074_table_0,0.918,0.9858,42,0.471597,0,5e-06,0.139341,92,87,0.0104,1.8913,29,87,0,21,2,0.4762,24.38,27.17
PMC4673947_table_0,0.8916,0.9853,30,0.193884,0,3e-06,0.002269,33,30,0.0284,1.8182,9,30,1,10,3,0.9333,3.6,4.63
PMC4669374_table_1,1.0,0.9935,20,0.188679,0,0.0,0.042192,24,20,0.0362,1.6667,2,20,0,5,4,0.6,7.6,4.99
PMC4665550_table_0,1.0,0.9918,27,1.306103,0,2e-06,0.287354,30,27,0.031,1.8,16,27,0,9,3,0.0,36.3,33.37
PMC4662555_table_0,0.5,0.9515,31,0.559247,1,9e-06,0.045022,34,32,0.0285,1.8824,1,32,0,16,2,0.4688,24.81,21.17
PMC4658178_table_2,0.9608,0.994,35,0.275668,0,1e-06,0.018027,40,35,0.0224,1.75,4,35,1,7,5,0.6857,7.47,4.33
PMC4658094_table_6,0.7027,0.9926,25,0.329752,1,0.122529,0.003781,30,27,0.031,1.8,7,27,2,9,3,0.2593,13.53,6.84
PMC4655940_table_0,1.0,0.9914,27,0.116217,3,0.006599,0.025364,84,72,0.0103,1.7143,10,72,15,6,5,0.6333,6.48,5.29
PMC4654563_table_1,0.6453,0.993,171,0.14583,0,2e-06,0.00641,180,171,0.0053,1.9,20,171,0,19,9,0.538,3.43,3.33
PMC4650490_table_0,0.9361,0.9868,228,0.113576,0,1.1e-05,0.025426,324,308,0.0029,1.9012,20,308,11,19,12,0.4781,9.16,4.64
PMC4647279_table_1,1.0,0.9926,28,0.183266,0,2e-06,0.049785,50,43,0.0176,1.72,2,43,1,7,4,0.75,8.46,6.57
PMC4647038_table_5,0.8,0.992,8,0.295023,0,2e-06,0.002525,168,135,0.0048,1.6071,17,135,11,4,2,0.375,13.0,9.9
PMC4642976_table_0,0.8947,0.9831,14,0.627401,0,1e-06,0.059453,16,14,0.0583,1.75,6,14,0,7,2,0.2857,29.86,27.23
PMC4640680_table_2,1.0,0.9865,25,0.134637,0,0.0,0.008635,30,25,0.0287,1.6667,0,25,0,5,5,0.76,5.12,3.93
PMC4633510_table_0,0.5714,0.9832,53,0.38544,8,0.073303,0.057973,75,72,0.013,1.92,7,72,2,24,3,0.5972,28.53,11.41
PMC4633245_table_1,0.9587,0.9686,73,0.173949,2,0.001722,0.009459,80,75,0.0119,1.875,0,75,3,15,5,0.7333,7.91,7.87
PMC4632763_table_3,1.0,0.991,25,0.985948,2,2e-06,0.149293,32,28,0.0282,1.75,10,28,0,7,4,0.0,36.12,27.53
PMC4632687_table_0,0.9605,0.9908,297,0.136174,4,0.004912,0.142805,323,306,0.0029,1.8947,13,306,17,18,17,0.915,6.01,5.35
PMC4631336_table_1,0.9038,0.9925,89,0.197664,7,0.001504,0.039899,104,96,0.009,1.8462,10,96,1,12,8,0.4479,7.17,4.93
PMC4630897_table_1,0.92,0.9735,58,0.28931,0,4e-06,0.01351,93,88,0.0103,1.8925,18,88,0,10,3,0.6,6.83,8.17
PMC4628349_table_0,0.8905,0.9719,62,0.327609,0,1e-06,0.005425,64,62,0.0154,1.9375,5,62,0,31,2,0.3387,10.7,6.2
PMC4627408_table_0,0.8727,0.9903,24,1.370577,5,1.9e-05,0.096566,34,32,0.0285,1.8824,2,32,2,16,2,0.0,98.59,57.18
PMC4626706_table_2,0.8182,0.9816,22,0.249732,3,0.008951,0.011661,121,105,0.0072,1.7355,12,105,10,13,4,0.4808,7.67,3.72
PMC4624641_table_0,0.8889,0.9874,28,0.240477,0,0.0,0.019292,32,28,0.0282,1.75,3,28,1,7,4,0.3929,7.7,4.61
PMC4621879_table_1,0.383,0.9298,24,0.2143,0,1e-06,0.011405,30,24,0.0276,1.6,2,24,0,4,6,0.75,10.04,7.54
PMC4621861_table_1,0.7966,0.9836,68,0.17502,0,2e-06,0.040056,72,68,0.0133,1.8889,18,68,1,17,4,0.3529,10.71,8.89
PMC4619861_table_3,1.0,0.9918,18,0.43809,0,1e-06,0.076749,65,58,0.0139,1.7846,17,58,0,6,3,0.3333,28.28,27.48
PMC4617105_table_3,1.0,0.985,174,0.173969,1,3e-06,0.023196,254,239,0.0037,1.8819,26,239,0,8,8,0.1406,11.2,7.88
PMC4610586_table_3,1.0,0.994,6,0.406382,0,0.0,0.004117,36,24,0.019,1.3333,9,24,0,2,4,0.375,12.5,7.79
PMC4610563_table_0,0.7164,0.9918,70,0.208672,0,3e-06,0.090843,80,70,0.0111,1.75,7,70,0,7,10,0.0714,10.57,13.03
PMC4609433_table_0,0.8933,0.9932,51,0.172195,2,1e-06,0.0494,63,54,0.0138,1.7143,6,54,1,6,9,0.5741,7.65,5.08
PMC4609118_table_5,1.0,0.9667,30,0.347211,0,2e-06,0.041231,256,240,0.0037,1.875,6,240,0,15,2,0.9,8.1,7.05
PMC4601141_table_0,0.8582,0.969,218,0.169906,4,0.003181,0.004737,232,224,0.0042,1.931,11,224,5,28,8,0.6429,9.29,5.77
PMC4596574_table_4,1.0,0.9865,88,0.168966,0,5e-06,0.017116,351,326,0.0027,1.8575,19,326,12,11,8,0.875,5.74,4.14
PMC4596461_table_1,0.7097,0.9721,19,0.799365,1,1e-06,0.077907,22,20,0.0433,1.8182,1,20,0,10,2,0.05,54.93,45.64
PMC4594122_table_2,0.8638,0.9808,137,0.143021,9,3e-06,0.002486,283,265,0.0033,1.8728,7,265,13,25,8,0.545,5.35,3.4
PMC4593001_table_1,1.0,0.9884,90,0.166891,0,4e-06,0.031654,135,129,0.0071,1.9111,42,129,0,13,3,0.4359,7.82,6.67
PMC4589405_table_2,0.9673,0.9852,104,0.313942,1,5e-06,0.015143,108,105,0.0091,1.9444,23,105,1,35,3,0.5238,7.45,6.49
PMC4587960_table_2,1.0,0.9944,20,0.288015,0,1e-06,0.022351,65,55,0.0132,1.6923,10,55,1,4,5,0.55,6.79,5.46
PMC4585967_table_1,1.0,0.9927,126,0.160069,0,2e-06,0.050182,279,262,0.0034,1.8781,14,262,5,17,8,0.8162,10.28,9.42
PMC4585864_table_1,1.0,0.9922,70,0.11779,0,0.0,0.031327,77,70,0.012,1.8182,5,70,1,10,7,0.8143,4.99,3.34
PMC4583727_table_0,0.55,0.9731,15,0.252722,5,0.010627,0.06684,24,20,0.0362,1.6667,6,20,2,5,4,0.6,11.0,9.92
PMC4583724_table_2,0.449,0.9196,40,0.326825,0,6e-06,0.004474,42,40,0.0232,1.9048,3,40,0,20,2,0.625,14.89,6.63
PMC4583722_table_7,0.2642,0.9475,105,0.245075,11,0.001221,0.064223,128,120,0.0074,1.875,3,120,32,15,8,0.075,20.37,15.96
PMC4583722_table_0,0.2642,0.9475,105,0.245075,11,0.001221,0.064223,128,120,0.0074,1.875,3,120,32,15,8,0.075,20.37,15.96
PMC4583547_table_0,1.0,0.9933,20,0.339585,0,2e-06,0.051545,25,20,0.0333,1.6,3,20,0,4,5,0.65,8.88,5.24
PMC4583411_table_0,0.97,0.9881,71,0.289699,2,0.050204,0.022038,80,75,0.0119,1.875,10,75,4,15,5,0.7333,4.01,4.78
PMC4580601_table_2,0.7391,0.9212,40,0.341069,0,1e-06,0.018345,44,40,0.0211,1.8182,6,40,0,10,4,0.45,6.77,4.79
PMC4574395_table_0,0.755,0.9684,60,0.366436,11,0.001736,0.203365,80,72,0.0114,1.8,8,72,3,9,8,0.4722,17.8,35.09
PMC4573946_table_1,0.9429,0.9875,70,0.278765,8,8e-06,0.004282,93,90,0.0105,1.9355,25,90,0,30,3,0.4222,7.55,4.57
PMC4573946_table_0,0.9429,0.9875,70,0.278765,8,8e-06,0.004282,93,90,0.0105,1.9355,25,90,0,30,3,0.4222,7.55,4.57
PMC4569088_table_3,0.9907,0.9844,128,0.331456,0,6e-06,0.009775,132,128,0.0074,1.9394,28,128,1,32,4,0.8516,7.2,1.83
PMC4565440_table_1,1.0,0.9868,78,0.173462,0,7e-06,0.005132,126,120,0.0076,1.9048,29,120,0,14,3,0.619,5.08,5.44
PMC4565032_table_0,1.0,0.9938,54,0.090828,0,0.0,0.035184,60,54,0.0153,1.8,2,54,0,9,6,0.8333,5.59,4.14
PMC4560072_table_1,0.9032,0.9716,142,0.110822,2,0.001127,0.004836,150,144,0.0064,1.92,27,144,2,24,6,0.1458,7.55,4.78
PMC4559299_table_2,0.9667,0.9913,129,0.148593,3,0.001926,0.01544,136,132,0.0072,1.9412,30,132,2,33,4,0.7879,1.93,1.85
PMC4557865_table_1,0.5545,0.9217,109,0.319039,4,5e-06,0.004726,135,130,0.0072,1.9259,6,130,1,26,5,0.6231,7.45,8.47
PMC4554459_table_1,0.8866,0.978,66,0.387849,0,1.6e-05,0.095418,68,66,0.0145,1.9412,1,66,0,33,2,0.4697,22.77,14.01
PMC4546658_table_2,0.9529,0.9914,161,0.102979,9,0.014146,0.023676,390,360,0.0024,1.8462,20,360,22,12,15,0.9111,5.49,2.01
PMC4546304_table_2,0.9349,0.9426,205,0.1251,10,0.00923,0.074004,234,221,0.0041,1.8889,17,221,9,17,13,0.5837,4.66,4.66
PMC4546029_table_1,0.9583,0.9856,44,0.164322,0,3e-06,0.004512,120,107,0.0075,1.7833,6,107,6,11,4,0.9091,4.59,3.69
PMC4540301_table_0,0.9636,0.9734,45,0.262757,0,1e-06,0.00843,50,45,0.0184,1.8,7,45,1,9,5,0.3333,10.37,7.87
PMC4538741_table_1,0.8274,0.9566,162,0.269796,3,0.004481,0.007275,170,165,0.0057,1.9412,22,165,3,33,5,0.6242,10.19,4.12
PMC4532991_table_2,0.9343,0.9883,105,0.208776,6,0.101617,0.004846,204,190,0.0046,1.8627,7,190,6,21,6,0.6746,10.72,6.18
PMC4532490_table_3,0.2857,0.9489,18,0.323566,0,0.0,0.02441,21,18,0.0429,1.7143,1,18,0,6,3,0.9444,12.61,6.34
PMC4529430_table_0,0.9748,0.9796,93,0.442776,0,5e-06,0.005632,96,93,0.0102,1.9375,18,93,1,31,3,0.6344,11.73,11.24
PMC4527838_table_4,0.9675,0.9847,81,0.215345,2,3e-06,0.015515,98,91,0.0096,1.8571,8,91,0,13,7,0.4945,6.01,4.85
PMC4523019_table_4,1.0,0.989,102,0.33806,2,0.020692,0.005284,108,104,0.009,1.9259,31,104,0,26,4,0.6154,8.82,8.77
PMC4522096_table_0,0.7403,0.9911,50,0.253705,4,0.010914,0.036294,60,54,0.0153,1.8,7,54,4,9,6,0.8333,9.31,7.27
PMC4521750_table_2,1.0,0.9894,32,0.341268,0,2e-06,0.018814,63,56,0.0143,1.7778,3,56,0,8,3,0.875,9.25,4.87
PMC4518506_table_0,0.1692,0.8777,60,0.131275,4,0.012189,0.005411,77,66,0.0113,1.7143,5,66,7,6,11,0.697,7.65,4.54
PMC4513381_table_1,0.9508,0.9816,50,0.137815,0,0.0,0.035208,100,90,0.0091,1.8,9,90,0,10,5,0.76,6.76,5.3
PMC4509010_table_0,0.7347,0.9687,30,0.28363,0,1e-06,0.051543,72,60,0.0117,1.6667,13,60,0,5,6,0.6667,8.43,4.07
PMC4507625_table_1,0.8095,0.9932,30,0.298745,0,1e-06,0.028677,77,70,0.012,1.8182,13,70,6,10,3,0.4,5.5,5.23
PMC4503441_table_2,1.0,0.9836,34,0.667398,0,9e-06,0.01695,51,46,0.018,1.8039,16,46,0,17,2,0.2941,14.32,8.14
PMC4500444_table_2,1.0,0.9929,21,0.419664,2,0.090393,0.026946,28,24,0.0317,1.7143,4,24,2,6,4,0.5833,7.3,4.87
PMC4497654_table_4,0.9286,0.9795,33,0.18826,4,0.036916,0.026233,150,120,0.0054,1.6,9,120,18,4,10,0.6,8.33,3.33
PMC4497654_table_3,0.9286,0.9795,33,0.18826,4,0.036916,0.026233,150,120,0.0054,1.6,9,120,18,4,10,0.6,8.38,3.29
PMC4496818_table_0,1.0,0.9565,36,0.162552,0,4e-06,0.007407,64,57,0.0141,1.7812,11,57,1,9,4,0.1389,2.61,2.36
PMC4496093_table_3,0.9302,0.9748,141,0.210977,10,0.022454,0.016927,161,154,0.006,1.913,11,154,5,22,7,0.4545,8.69,9.2
PMC4494984_table_3,1.0,0.9818,24,0.317802,0,1e-06,0.016627,27,24,0.0342,1.7778,5,24,0,8,3,0.2917,10.04,8.48
PMC4494804_table_0,0.88,0.9885,18,0.66084,0,3e-06,0.005412,20,18,0.0474,1.8,4,18,1,9,2,0.8333,23.44,17.09
PMC4493095_table_2,1.0,0.9506,88,0.168734,0,3e-06,0.015957,249,232,0.0038,1.8635,13,232,7,16,9,0.8333,7.12,5.87
PMC4489398_table_1,0.8148,0.9619,45,0.217286,0,4e-06,0.005201,76,71,0.0125,1.8684,9,71,1,15,3,0.4222,7.42,3.23
PMC4486724_table_1,1.0,0.9935,21,0.36035,2,0.154807,0.030029,108,90,0.0078,1.6667,4,90,15,5,13,0.7385,5.05,3.66
PMC4486724_table_0,1.0,0.9935,21,0.36035,2,0.154807,0.030029,108,90,0.0078,1.6667,4,90,15,5,5,0.6,6.42,5.01
PMC4482634_table_1,0.5885,0.9717,164,0.178214,17,0.024201,0.040821,198,189,0.0048,1.9091,9,189,9,21,9,0.6243,6.16,4.54
PMC4478005_table_3,0.7707,0.988,493,0.102631,111,0.000856,0.075677,656,640,0.0015,1.9512,31,640,5,40,16,0.2938,4.27,2.7
PMC4476590_table_0,0.8696,0.9777,30,0.275718,0,0.0,0.018548,35,30,0.0252,1.7143,6,30,0,6,5,0.6667,6.0,4.87
PMC4475621_table_0,0.6963,0.9472,89,0.344602,37,1.2e-05,0.056359,132,126,0.0073,1.9091,9,126,3,21,6,0.3571,8.79,8.24
PMC4473592_table_2,0.2893,0.9298,43,0.251087,6,0.003791,0.040304,200,184,0.0046,1.84,10,184,13,7,7,0.6531,11.02,6.69
PMC4469605_table_1,0.4688,0.9588,33,0.315987,0,3e-06,0.01603,36,33,0.0262,1.8333,3,33,0,11,3,0.5758,11.74,5.36
PMC4457727_table_0,0.9692,0.9934,92,0.33241,0,7e-06,0.013602,96,92,0.0101,1.9167,29,92,0,23,4,0.6196,6.04,4.55
PMC4457452_table_1,0.2936,0.8689,40,0.334633,0,8e-06,0.006145,44,40,0.0211,1.8182,1,40,0,10,4,0.9,10.35,6.94
PMC4457077_table_0,0.9883,0.9902,99,0.12249,0,1e-06,0.054692,108,99,0.0086,1.8333,1,99,0,11,9,0.9192,6.61,4.35
PMC4454987_table_1,0.8927,0.9684,108,0.471516,0,8e-06,0.011713,111,108,0.0088,1.9459,21,108,0,36,3,0.5556,7.77,5.84
PMC4451521_table_3,0.9752,0.9855,70,0.246822,0,1e-06,0.08639,75,70,0.0126,1.8667,25,70,0,14,5,0.5714,11.26,13.87
PMC4448562_table_0,1.0,0.9853,48,0.249497,0,1e-06,0.030416,56,48,0.0156,1.7143,5,48,0,6,8,0.5,13.46,7.59
PMC4446910_table_4,1.0,0.9903,62,0.261049,0,2e-06,0.047784,64,62,0.0154,1.9375,8,62,0,31,2,0.5,20.65,19.18
PMC4445919_table_1,0.8344,0.9695,70,0.268025,0,2e-06,0.013809,75,70,0.0126,1.8667,5,70,4,14,5,0.6,7.24,4.52
PMC4445315_table_2,0.9459,0.981,32,0.156946,0,1e-06,0.029125,36,32,0.0254,1.7778,15,32,0,8,4,0.4688,5.64,4.72
PMC4444824_table_0,0.9661,0.9948,36,0.117218,0,0.0,0.045972,40,36,0.0231,1.8,0,36,0,9,4,0.8889,5.86,3.41
PMC4443659_table_1,1.0,0.9882,30,0.217743,0,1e-05,0.005522,33,30,0.0284,1.8182,9,30,0,10,3,0.8667,3.2,3.7
PMC4439163_table_0,0.9101,0.981,68,0.3151,1,4e-06,0.014014,85,80,0.0112,1.8824,21,80,0,16,5,0.3875,7.07,4.93
PMC4436346_table_0,0.869,0.9729,54,0.650063,0,5e-06,0.216826,60,54,0.0153,1.8,7,54,0,9,6,0.2593,34.33,55.64
PMC4436225_table_0,0.9875,0.9886,114,0.189477,3,0.024108,0.047213,256,240,0.0037,1.875,26,240,10,15,8,0.9167,5.83,5.09
PMC4435185_table_1,0.8713,0.9809,120,0.108626,14,0.002543,0.012882,150,135,0.006,1.8,4,135,3,9,15,0.7556,3.97,2.4
PMC4431258_table_0,0.9206,0.988,22,0.319975,1,0.050379,0.006579,28,24,0.0317,1.7143,0,24,2,6,4,0.9167,10.33,8.86
PMC4430406_table_1,0.9574,0.983,31,0.24451,4,0.015918,0.028155,84,70,0.01,1.6667,2,70,6,5,7,0.6,6.35,6.67
PMC4426543_table_1,0.9804,0.9873,178,0.170526,5,0.003047,0.005799,192,184,0.005,1.9167,14,184,3,23,8,0.4022,7.76,4.17
PMC4422704_table_0,0.5532,0.9636,32,0.237405,0,1e-06,0.016159,36,32,0.0254,1.7778,3,32,12,8,4,0.4375,14.19,8.56
PMC4422464_table_9,0.9804,0.9879,99,0.217263,0,9.4e-05,0.004316,102,99,0.0096,1.9412,13,99,0,33,3,0.4949,14.77,11.12
PMC4420546_table_0,0.875,0.9647,16,0.148536,0,1e-06,0.031845,80,72,0.0114,1.8,6,72,1,4,4,0.875,5.56,3.24
PMC4416395_table_1,0.4115,0.9014,90,0.220578,0,4e-06,0.003105,96,90,0.0099,1.875,9,90,0,15,6,0.8556,9.27,4.39
PMC4411923_table_1,1.0,0.9749,25,0.180052,2,0.012888,0.007975,32,28,0.0282,1.75,2,28,2,7,4,0.6786,9.81,5.16
PMC4411136_table_0,0.9917,0.9913,197,0.165106,9,0.005433,0.096306,230,220,0.0042,1.913,1,220,5,22,10,0.85,3.71,5.41
PMC4409324_table_3,1.0,0.9865,198,0.147281,0,2e-06,0.013367,207,198,0.0046,1.913,9,198,1,22,9,0.6515,6.54,5.81
PMC4395390_table_2,0.6164,0.9815,77,0.297555,8,1e-06,0.013446,90,85,0.0106,1.8889,17,85,0,17,5,0.4588,13.45,11.41
PMC4395318_table_0,0.6625,0.9894,67,0.237725,1,0.137807,0.010181,144,132,0.0064,1.8333,38,132,7,12,6,0.875,6.75,2.48
PMC4395233_table_2,1.0,0.9859,100,0.266968,0,3e-06,0.013699,190,180,0.005,1.8947,38,180,0,20,5,0.79,6.94,4.35
PMC4390304_table_2,1.0,0.9637,9,0.501968,0,2e-06,0.078589,36,29,0.023,1.6111,0,29,0,5,4,0.75,17.25,15.66
PMC4384072_table_0,0.8,0.9912,50,1.103218,4,7e-06,0.203096,64,60,0.0149,1.875,6,60,1,15,4,0.2333,50.93,63.47
PMC4383175_table_0,1.0,0.9862,53,0.3343,1,0.060989,0.056677,108,100,0.0087,1.8519,18,100,4,11,4,0.6818,11.63,8.65
PMC4381373_table_0,0.454,0.8971,52,0.331552,0,6e-06,0.004881,56,52,0.0169,1.8571,2,52,1,13,4,0.7692,13.92,6.48
PMC4372171_table_2,1.0,0.9897,238,0.22254,2,1.3e-05,0.003328,246,240,0.004,1.9512,36,240,1,40,6,0.4917,8.63,8.2
PMC4369361_table_0,1.0,0.9927,36,0.185871,0,0.0,0.050481,72,64,0.0125,1.7778,13,64,1,9,4,0.5278,12.5,11.58
PMC4367394_table_4,0.6667,0.9886,11,0.721089,4,3e-06,0.088494,42,35,0.0203,1.6667,8,35,2,5,3,0.5333,28.45,19.96
PMC4364622_table_2,0.9539,0.9899,196,0.098566,0,6e-06,0.017914,283,274,0.0034,1.9364,18,274,1,28,7,0.7755,5.16,5.03
PMC4364454_table_1,1.0,0.9934,18,0.323391,0,1e-06,0.020223,21,18,0.0429,1.7143,2,18,1,6,3,0.6667,11.44,7.67
PMC4363793_table_2,1.0,0.9891,36,0.50784,0,0.0,0.093129,72,66,0.0129,1.8333,22,66,0,10,3,0.6,12.07,15.03
PMC4357215_table_0,0.6349,0.991,27,1.1957,10,1e-06,0.10636,48,45,0.0199,1.875,1,45,4,15,3,0.1111,87.85,43.38
PMC4356207_table_0,0.4095,0.9795,120,0.442569,0,2e-06,0.047917,123,120,0.008,1.9512,15,120,0,40,3,0.3833,18.82,15.57
PMC4354747_table_0,0.9434,0.9755,41,0.43146,13,2e-06,0.004343,56,54,0.0175,1.9286,15,54,0,27,2,0.1667,18.98,10.98
PMC3702524_table_1,1.0,0.9836,17,0.110289,4,0.003537,0.006037,198,181,0.0046,1.8283,3,181,10,16,10,0.775,5.62,4.87
PMC3702443_table_2,1.0,0.9925,40,0.326836,0,1.3e-05,0.00588,165,160,0.0059,1.9394,44,160,0,20,2,0.35,11.0,7.81
PMC3701559_table_1,0.9737,0.9862,76,0.226083,9,1e-05,0.008508,98,91,0.0096,1.8571,7,91,0,13,7,0.6593,7.86,2.37
PMC3697992_table_0,0.8636,0.9899,17,0.547917,1,2e-06,0.087326,20,18,0.0474,1.8,9,18,0,9,2,0.0,49.53,37.52
PMC3696843_table_3,1.0,0.9926,9,0.196526,0,1e-06,0.003499,76,65,0.0114,1.7105,18,65,0,3,3,0.4444,8.33,4.85
PMC3694028_table_1,0.8302,0.9911,41,0.213316,4,6e-06,0.046671,52,48,0.0181,1.8462,10,48,2,12,4,0.2708,10.35,15.28
PMC3686696_table_3,0.9909,0.991,148,0.166677,0,1e-06,0.019213,296,288,0.0033,1.9459,38,288,0,35,4,0.4429,9.8,10.23
PMC3686618_table_0,0.875,0.9757,35,0.188505,0,1e-06,0.008193,42,35,0.0203,1.6667,5,35,0,5,7,0.6857,6.06,4.74
PMC3685521_table_0,1.0,0.9909,66,0.305335,3,0.006215,0.040992,75,70,0.0126,1.8667,7,70,2,14,5,0.5857,10.12,23.24
PMC3684926_table_0,0.7224,0.9891,280,0.177115,0,3e-06,0.008656,314,298,0.003,1.8981,43,298,1,40,7,1.0,8.93,2.86
PMC3683514_table_0,1.0,0.9886,15,0.717323,1,0.149991,0.003463,18,16,0.0523,1.7778,6,16,1,8,2,0.5,16.75,20.19
PMC3682313_table_0,0.9519,0.986,72,0.222979,0,2e-06,0.011088,81,72,0.0111,1.7778,17,72,0,8,9,0.4861,8.51,10.73
PMC3671207_table_0,1.0,0.9799,24,0.435271,0,4e-06,0.003002,27,24,0.0342,1.7778,4,24,0,8,3,0.5833,25.71,20.55
PMC3666437_table_0,0.9427,0.9937,66,0.385339,0,5e-06,0.062411,68,66,0.0145,1.9412,10,66,0,33,2,0.4848,17.76,15.2
PMC3665683_table_1,0.702,0.9607,195,0.265389,0,6.2e-05,0.003409,200,195,0.0049,1.95,31,195,0,59,4,0.9831,9.52,10.87
PMC3665543_table_0,0.9483,0.9862,44,0.113951,4,0.01485,0.013666,65,52,0.0125,1.6,0,52,9,4,13,0.75,5.49,3.53
PMC3663659_table_0,1.0,0.9914,43,0.301552,4,0.064341,0.00777,160,148,0.0058,1.85,19,148,6,10,5,0.48,7.54,7.59
PMC3662628_table_1,1.0,0.9907,62,0.370472,0,3.1e-05,0.053671,64,62,0.0154,1.9375,5,62,0,31,2,0.4839,21.92,16.19
PMC3655035_table_1,0.9421,0.9875,113,0.153702,7,0.00375,0.059398,132,120,0.0069,1.8182,4,120,10,10,12,0.85,9.02,4.26
PMC3643825_table_0,0.8384,0.974,85,0.454549,2,9e-06,0.005778,90,87,0.0109,1.9333,11,87,0,29,3,0.3908,14.56,14.49
PMC3641954_table_0,1.0,0.9896,23,1.170977,3,0.46772,0.069887,36,34,0.027,1.8889,8,34,1,17,2,0.0882,60.96,70.01
PMC3639228_table_1,0.573,0.9838,72,0.101123,0,1e-06,0.006952,169,156,0.0055,1.8462,18,156,1,12,6,0.9028,5.68,1.8
PMC3638588_table_0,0.9455,0.989,35,1.23806,0,7e-06,0.402723,40,35,0.0224,1.75,4,35,3,7,5,0.4857,71.63,127.0
PMC3637554_table_1,1.0,0.9348,49,0.378792,6,4e-06,0.005616,60,56,0.0158,1.8667,4,56,0,14,4,0.6964,10.88,12.61
PMC3637493_table_1,1.0,0.9906,124,0.334297,0,3.1e-05,0.004668,160,152,0.006,1.9,28,152,1,7,4,0.5,9.86,5.44
PMC3635986_table_2,1.0,0.9913,35,0.22241,0,1e-06,0.069365,87,75,0.01,1.7241,19,75,4,8,5,0.675,7.03,3.75
PMC3620111_table_0,0.8947,0.9725,24,0.322421,0,1e-06,0.020083,28,24,0.0317,1.7143,5,24,0,6,4,0.4167,15.29,7.34
PMC3618942_table_2,0.9592,0.9594,62,0.138082,3,0.058322,0.007127,160,140,0.0055,1.75,10,140,18,7,10,0.9,4.84,3.75
PMC3616108_table_1,0.9327,0.9824,148,0.141665,2,0.007401,0.01857,162,153,0.0059,1.8889,18,153,7,17,9,0.6601,3.65,4.15
PMC3614691_table_0,1.0,0.9915,15,0.377421,0,1e-06,0.011571,18,15,0.049,1.6667,0,15,0,5,3,0.5333,13.53,12.96
PMC3614575_table_0,0.3529,0.9899,27,0.490803,0,6e-06,0.007716,30,27,0.031,1.8,9,27,0,9,3,0.5185,15.0,13.71
PMC3599678_table_1,1.0,0.9903,210,0.264972,0,8e-06,0.004277,215,210,0.0046,1.9535,40,210,0,42,5,0.781,6.14,3.6
PMC3592865_table_2,0.6875,0.9934,15,0.367434,1,0.026283,0.025869,20,16,0.0421,1.6,2,16,3,4,4,0.875,12.6,6.81
PMC3588710_table_0,0.7632,0.9874,301,0.17755,0,3.8e-05,0.008359,323,311,0.003,1.9257,45,311,4,43,7,1.0,9.26,3.13
PMC3588140_table_2,1.0,0.9879,18,0.445283,0,5e-06,0.1992,99,78,0.008,1.5758,5,78,2,2,9,0.5556,15.83,18.08
PMC3577661_table_1,1.0,0.9858,27,0.342447,1,2e-06,0.010882,48,40,0.0177,1.6667,5,40,4,7,4,0.5,10.68,11.29
PMC3572215_table_1,0.9784,0.9922,81,0.268634,4,0.003073,0.038816,142,133,0.0066,1.8732,25,133,3,17,5,0.6588,12.96,9.28
PMC3563469_table_4,0.8242,0.97,100,0.157654,5,0.019793,0.004938,189,171,0.0048,1.8095,21,171,20,7,9,0.1746,7.71,5.42
PMC3555392_table_0,1.0,0.993,25,0.331424,2,0.194845,0.047979,48,39,0.0173,1.625,12,39,4,5,6,0.7,9.69,5.06
PMC3554545_table_0,0.7231,0.9176,42,0.21864,0,0.0,0.007303,48,42,0.0186,1.75,3,42,0,7,6,0.7381,12.0,5.35
PMC3551791_table_0,0.2154,0.9127,92,0.201485,0,4e-06,0.058778,96,92,0.0101,1.9167,15,92,28,23,4,0.0652,14.45,6.84
PMC3551680_table_5,1.0,0.9908,42,0.21737,0,2e-06,0.01153,48,42,0.0186,1.75,5,42,0,7,6,0.3333,12.42,6.79
PMC3546856_table_0,1.0,0.9905,128,0.165099,0,1e-06,0.004702,136,128,0.007,1.8824,2,128,0,16,8,0.8281,6.17,2.41
PMC3543813_table_0,0.6154,0.98,35,0.591564,0,2e-06,0.143539,40,35,0.0224,1.75,8,35,0,7,5,0.5143,27.11,40.54
PMC3541157_table_0,0.9375,0.9858,39,0.205819,0,1e-06,0.003837,42,39,0.0226,1.8571,7,39,1,13,3,0.5385,7.77,10.49
PMC3534600_table_0,0.0321,0.9915,443,0.126725,5,0.001783,0.003384,460,450,0.0021,1.9565,27,450,6,45,10,0.6756,5.16,3.81
PMC3534514_table_1,1.0,0.9873,40,0.154707,0,0.0,0.005551,104,96,0.009,1.8462,9,96,1,14,4,0.6607,8.08,8.49
PMC3534514_table_0,1.0,0.9873,40,0.154707,0,0.0,0.005551,104,96,0.009,1.8462,9,96,1,10,4,0.875,2.88,5.06
PMC3534402_table_1,0.812,0.99,174,0.229129,6,0.004851,0.00943,186,180,0.0052,1.9355,22,180,2,30,6,0.7333,7.03,6.35
PMC3532089_table_3,1.0,0.9687,63,0.277749,0,2e-06,0.062202,66,63,0.0147,1.9091,5,63,0,21,3,0.6349,16.24,17.77
PMC3526436_table_1,1.0,0.9866,111,0.079096,9,0.015754,0.009166,300,270,0.003,1.8,16,270,24,9,15,0.7852,4.9,3.05
PMC3523140_table_0,0.6667,0.9934,21,0.909353,3,2e-06,0.076393,27,24,0.0342,1.7778,7,24,0,8,3,0.0,43.29,47.59
PMC3522536_table_2,0.8519,0.984,18,0.106551,0,1e-06,0.010338,48,36,0.016,1.5,7,36,0,3,6,0.6111,6.28,3.54
PMC3519676_table_1,0.8333,0.9629,16,0.156444,0,4e-06,0.007559,44,36,0.019,1.6364,5,36,0,5,4,0.65,8.65,8.71
PMC3515089_table_0,0.7182,0.8953,263,0.213311,23,0.04671,0.048328,321,309,0.003,1.9252,14,309,3,42,7,0.6088,9.1,3.14
PMC3508580_table_0,1.0,0.9882,12,0.871357,0,9e-06,0.073519,14,12,0.0659,1.7143,2,12,0,6,2,0.5,48.83,40.2
PMC3503689_table_0,0.9091,0.9875,119,0.186465,0,2e-06,0.029122,126,119,0.0076,1.8889,3,119,0,17,7,0.6555,10.7,12.58
PMC3503653_table_0,0.7778,0.9623,34,0.341076,0,2e-06,0.026587,36,34,0.027,1.8889,8,34,0,17,2,0.5,16.34,12.04
PMC3502617_table_3,0.6154,0.9804,76,0.289497,2,0.075738,0.028537,135,125,0.0069,1.8519,18,125,16,16,5,0.55,15.72,12.29
PMC3483059_table_2,0.9787,0.9893,74,0.318977,0,6e-06,0.038244,76,74,0.013,1.9474,12,74,0,37,2,0.4324,19.7,16.64
PMC3482696_table_2,0.9048,0.9841,164,0.307343,8,0.101733,0.018573,176,172,0.0056,1.9545,4,172,0,43,4,0.5581,17.43,15.0
PMC3481155_table_2,1.0,0.9921,32,0.292436,3,1e-06,0.032772,206,183,0.0043,1.7767,27,183,5,7,5,0.2,18.34,11.12
PMC3465197_table_2,0.9879,0.9893,143,0.182479,8,3e-06,0.024669,160,152,0.006,1.9,10,152,0,19,8,0.75,5.26,5.24
PMC3464775_table_0,0.9425,0.9895,30,0.519398,0,3e-06,0.099756,35,30,0.0252,1.7143,7,30,5,6,5,0.4333,37.37,35.99
PMC3445825_table_1,0.1935,0.9844,26,1.243686,8,1.2e-05,0.150984,42,39,0.0226,1.8571,1,39,0,13,3,0.2308,76.5,65.75
PMC3444922_table_4,0.9949,0.9867,121,0.1963,3,0.015307,0.008036,133,126,0.0072,1.8947,11,126,5,18,7,0.7619,7.58,5.08
PMC3435640_table_0,0.5602,0.9886,317,0.19224,2,0.054627,0.044224,336,329,0.0029,1.9583,38,329,1,47,7,0.8389,9.47,3.37
PMC3432222_table_2,0.7515,0.9895,98,0.122146,14,0.006842,0.020309,364,325,0.0025,1.7857,10,325,114,9,13,0.7607,6.35,6.75
PMC3426412_table_1,0.4985,0.9692,124,0.307532,0,4e-06,0.070404,128,124,0.0076,1.9375,11,124,6,31,4,0.5887,16.32,15.3
PMC3420946_table_0,0.3571,0.982,20,0.7071,0,1e-06,0.046347,22,20,0.0433,1.8182,1,20,0,10,2,0.75,42.35,28.0
PMC3414985_table_2,0.601,0.968,281,0.197763,3,0.01178,0.049612,294,287,0.0033,1.9524,23,287,2,41,7,0.6969,7.6,3.37
PMC3414327_table_1,0.6275,0.9055,20,0.271797,0,1e-06,0.017954,129,120,0.0073,1.8605,1,120,1,4,5,0.8,7.65,3.81
PMC3410768_table_1,1.0,0.9892,24,0.235462,0,2e-06,0.041615,48,42,0.0186,1.75,3,42,2,8,3,0.625,11.38,11.22
PMC3403906_table_0,0.8767,0.98,238,0.192721,0,3e-06,0.018339,245,238,0.004,1.9429,18,238,0,34,7,0.5588,5.87,3.24
PMC3393625_table_3,1.0,0.9889,89,0.108112,1,2e-06,0.030477,324,300,0.0029,1.8519,33,300,0,5,6,0.5667,7.93,3.29
PMC3392834_table_0,0.6591,0.9488,42,0.289787,3,4e-06,0.050802,50,45,0.0184,1.8,0,45,7,9,5,0.2222,16.87,8.1
PMC3379180_table_0,0.8647,0.9819,168,0.178241,0,3e-06,0.011321,245,233,0.0039,1.902,33,233,6,24,7,1.0,9.46,3.37
PMC3375187_table_0,1.0,0.9919,33,0.246864,3,0.005879,0.029004,194,180,0.0048,1.8557,18,180,3,18,8,0.4097,7.95,5.56
PMC3368312_table_0,0.8869,0.9851,111,0.212817,3,0.008935,0.069591,126,119,0.0076,1.8889,2,119,4,17,7,0.7815,9.51,9.07
PMC3364867_table_2,0.6994,0.9854,54,0.252978,1,0.005341,0.050037,60,55,0.0155,1.8333,9,55,1,11,5,0.7273,9.96,7.03
PMC3364147_table_1,0.988,0.9896,86,0.154507,11,0.021543,0.006366,108,99,0.0086,1.8333,12,99,7,11,9,0.4343,5.77,5.74
PMC3349530_table_0,0.8235,0.9773,205,0.226148,0,3e-06,0.004611,210,205,0.0047,1.9524,47,205,1,41,5,0.4098,6.3,6.36
PMC3348070_table_0,0.3714,0.9323,135,0.050459,2,0.003676,0.009111,408,372,0.0022,1.8235,18,372,107,14,12,0.5119,8.27,6.25
PMC3344629_table_0,0.7009,0.9251,40,0.257205,0,2e-06,0.017567,141,132,0.0067,1.8723,1,132,1,8,5,0.9,7.65,4.22
PMC3344146_table_0,0.7828,0.987,295,0.188572,1,0.031718,0.043786,308,301,0.0032,1.9545,34,301,4,43,7,0.887,9.44,3.34
PMC3343956_table_1,0.5455,0.8832,15,0.282579,0,3e-06,0.006275,136,127,0.0069,1.8676,1,127,6,3,5,0.8667,6.8,3.71
PMC3342320_table_0,0.9,0.9676,63,0.192984,0,0.0,0.014105,66,63,0.0147,1.9091,3,63,3,21,3,0.381,11.12,7.1
PMC3333774_table_0,1.0,0.9921,22,0.134409,3,0.005237,0.00975,30,25,0.0287,1.6667,5,25,2,5,5,0.68,5.79,2.29
PMC3332261_table_4,0.963,0.9895,58,0.269114,0,5e-06,0.006367,60,58,0.0164,1.9333,9,58,0,29,2,0.6552,12.53,7.76
PMC3320120_table_1,0.3441,0.8852,63,0.339468,2,4e-06,0.047422,77,70,0.012,1.8182,8,70,0,10,7,0.6571,6.43,3.54
PMC3317116_table_1,0.1333,0.9926,24,0.374094,0,2e-06,0.078501,204,182,0.0044,1.7843,33,182,1,4,6,0.5417,14.62,6.03
PMC3305456_table_2,0.9655,0.9578,72,0.15844,0,1e-06,0.042455,80,72,0.0114,1.8,2,72,0,9,8,0.875,8.81,4.22
PMC3304811_table_0,1.0,0.9597,17,0.211742,3,0.010307,0.044489,25,20,0.0333,1.6,3,20,2,4,5,0.65,10.95,3.93
PMC3302100_table_0,0.2667,0.8964,53,0.30973,3,4e-06,0.029978,60,56,0.0158,1.8667,7,56,3,14,4,0.8214,8.89,6.53
PMC3292167_table_0,0.913,0.9846,30,0.477993,9,1e-06,0.062259,50,45,0.0184,1.8,8,45,1,9,5,0.2444,11.57,4.9
PMC3292022_table_0,0.1026,0.8911,24,0.359462,0,1e-06,0.027817,27,24,0.0342,1.7778,3,24,0,8,3,0.5833,10.92,4.62
PMC3287967_table_0,1.0,0.92,36,0.153272,0,1e-06,0.003817,40,36,0.0231,1.8,2,36,0,9,4,0.7222,11.11,5.39
PMC3275172_table_2,0.7345,0.984,154,0.180098,0,2e-06,0.010778,271,255,0.0035,1.8819,38,255,1,22,7,0.9935,8.82,2.99
PMC3274851_table_3,0.5714,0.899,20,0.266497,0,2e-06,0.013441,25,20,0.0333,1.6,2,20,0,4,5,0.55,10.81,7.55
PMC3272053_table_1,1.0,0.9893,9,0.72198,0,2e-06,0.084264,12,9,0.0682,1.5,2,9,0,3,3,0.6667,49.44,67.03
PMC3269969_table_0,1.0,0.9683,39,0.194289,0,0.0,0.005319,91,81,0.0099,1.7802,11,81,0,13,3,0.9487,4.08,5.77
PMC3268731_table_3,1.0,0.9908,10,1.597661,0,5e-06,0.197969,12,10,0.0758,1.6667,4,10,0,5,2,0.2,132.5,146.13
PMC3266633_table_0,0.9769,0.9828,81,0.50559,0,8e-06,0.206566,90,81,0.0101,1.8,7,81,9,9,9,0.4568,28.95,38.11
PMC3257202_table_1,0.575,0.8984,27,0.382881,0,0.0,0.009882,70,63,0.013,1.8,1,63,5,9,3,0.8519,19.04,16.86
PMC3254476_table_3,0.6415,0.9015,20,0.266376,0,1e-06,0.008734,93,84,0.0098,1.8065,1,84,1,4,5,0.8,7.05,3.65
PMC3254286_table_5,0.6897,0.916,30,0.276169,0,3e-06,0.014784,79,70,0.0114,1.7722,3,70,0,6,5,0.8333,8.1,3.5
PMC3252877_table_0,0.7442,0.9717,19,0.412366,1,0.262582,0.05579,30,24,0.0276,1.6,3,24,5,4,6,0.9167,14.83,39.22
PMC3250981_table_1,1.0,0.9919,175,0.111006,0,3e-06,0.005703,180,175,0.0054,1.9444,0,175,0,35,5,0.9714,2.6,1.38
PMC3247359_table_1,0.3636,0.9288,45,0.862979,1,0.074227,0.073546,48,46,0.0204,1.9167,3,46,0,23,2,0.6522,24.27,17.79
PMC3240833_table_0,0.9444,0.9823,24,0.30047,0,0.0,0.00669,119,108,0.0077,1.8151,23,108,1,6,4,0.625,11.12,8.21
PMC3239083_table_3,0.3529,0.8969,15,0.271396,0,0.0,0.007738,192,183,0.005,1.9062,3,183,1,3,5,0.4667,9.64,8.1
PMC3238694_table_1,0.3684,0.9116,53,0.829022,1,5e-05,0.11773,56,54,0.0175,1.9286,4,54,1,27,2,0.7222,22.73,19.74
PMC3237006_table_0,1.0,0.9935,68,0.484238,12,0.025825,0.005936,129,123,0.0074,1.907,20,123,1,31,3,0.3763,8.39,6.56
PMC3231596_table_0,1.0,0.9913,33,0.234841,0,2e-06,0.005378,57,51,0.016,1.7895,0,51,0,11,3,0.9091,3.12,2.68
PMC3228662_table_1,0.8162,0.9913,101,0.148243,17,0.010133,0.043323,260,240,0.0036,1.8462,26,240,15,12,10,0.575,8.81,5.39
PMC3214133_table_0,0.35,0.9576,39,0.541235,7,3e-06,0.112316,52,50,0.0189,1.9231,15,50,0,25,2,0.36,36.79,32.19
PMC3201379_table_0,0.5714,0.9504,15,0.124831,0,1e-06,0.019847,20,15,0.0395,1.5,0,15,1,3,5,0.7333,7.4,3.98
PMC3201364_table_0,0.6957,0.9477,40,0.10003,0,1e-06,0.030755,45,40,0.0202,1.7778,0,40,1,8,5,0.9,8.62,4.93
PMC3199789_table_2,1.0,0.9888,18,0.252718,0,2e-06,0.008799,54,50,0.0175,1.8519,16,50,0,16,2,0.5312,7.86,3.71
PMC3195710_table_3,1.0,0.9933,37,0.094962,3,0.007015,0.00943,115,102,0.0078,1.7739,10,102,6,6,7,0.7143,6.85,5.38
PMC3192700_table_0,0.1395,0.9937,128,0.133913,7,0.000803,0.023716,140,135,0.0069,1.9286,15,135,3,27,5,0.4741,5.77,9.78
PMC3183005_table_0,1.0,0.9714,21,0.513004,0,0.0,0.056197,24,21,0.038,1.75,5,21,0,7,3,0.2857,36.95,32.7
PMC3180260_table_3,1.0,0.8968,42,0.188104,0,2e-06,0.007563,93,87,0.0102,1.871,12,87,0,14,3,0.5476,9.97,4.95
PMC3175440_table_1,1.0,0.9906,64,0.295944,0,0.0,0.022535,86,80,0.0109,1.8605,20,80,0,8,2,0.3125,184.69,179.68
PMC3171386_table_2,1.0,0.9864,75,0.11002,0,1e-06,0.007549,144,135,0.0066,1.875,35,135,0,15,5,0.76,4.99,2.45
PMC3163629_table_2,0.8846,0.9851,18,0.150984,0,0.0,0.112781,54,43,0.015,1.5926,3,43,1,5,5,0.68,5.91,4.03
PMC3163542_table_1,0.7231,0.9528,108,0.196927,0,4e-06,0.027894,114,108,0.0084,1.8947,8,108,0,18,6,0.6574,11.21,7.66
PMC3160406_table_2,1.0,0.9882,25,0.229124,0,3e-06,0.007045,60,50,0.0141,1.6667,1,50,2,5,5,1.0,9.88,4.06
PMC3160403_table_0,0.8132,0.991,52,0.479501,6,5e-06,0.046744,86,84,0.0115,1.9535,20,84,0,42,2,0.131,12.71,16.59
PMC3160390_table_1,0.7755,0.9829,17,0.186752,1,0.054686,0.047952,24,20,0.0362,1.6667,2,20,3,5,4,0.8,6.55,5.67
PMC3152911_table_0,0.9307,0.9809,178,0.11571,2,3e-06,0.02456,220,210,0.0044,1.9091,35,210,0,6,5,0.7,13.9,16.71
PMC3146857_table_1,1.0,0.9692,56,0.236823,0,5e-06,0.062312,105,92,0.0084,1.7524,5,92,4,6,6,0.6667,9.19,7.06
PMC3142205_table_4,1.0,0.9918,110,0.135237,3,0.018997,0.006729,126,117,0.0074,1.8571,11,117,6,13,9,0.8632,6.12,2.91
PMC3142205_table_1,1.0,0.9878,41,0.15027,2,0.011194,0.007665,87,80,0.0107,1.8391,18,80,2,12,3,0.6944,5.18,3.69
PMC3141665_table_0,1.0,0.9871,20,0.141587,0,1e-06,0.008569,24,20,0.0362,1.6667,3,20,0,5,4,0.65,9.65,7.37
PMC3137990_table_1,0.8421,0.993,42,0.3003,1,0.079445,0.052938,80,70,0.0111,1.75,6,70,6,5,5,0.8,9.24,18.35
PMC3124409_table_4,1.0,0.9877,45,0.315104,0,1e-06,0.063397,50,45,0.0184,1.8,6,45,0,9,5,0.8889,9.29,7.55
PMC3123548_table_0,1.0,0.9894,18,0.421134,0,1e-06,0.153301,20,18,0.0474,1.8,7,18,0,9,2,0.5,25.11,26.3
PMC3123223_table_1,0.984,0.9891,225,0.076428,0,1.2e-05,0.006438,240,225,0.0039,1.875,14,225,1,15,15,0.5333,4.34,1.37
PMC3120555_table_2,0.6415,0.9038,20,0.284199,0,1e-06,0.016312,181,172,0.0053,1.9006,2,172,0,4,5,0.75,9.8,2.16
PMC3112401_table_0,1.0,0.9929,100,0.138554,0,8e-06,0.005848,210,195,0.0044,1.8571,43,195,6,25,4,0.5,9.42,9.03
PMC3106943_table_0,1.0,0.9746,24,0.140343,0,1e-06,0.009401,56,48,0.0156,1.7143,4,48,2,6,4,0.6667,8.5,2.97
PMC3106745_table_0,1.0,0.9846,21,0.288767,1,0.012577,0.009817,24,22,0.0399,1.8333,8,22,1,11,2,0.5455,13.5,10.61
PMC3104661_table_0,1.0,0.9957,8,0.398788,0,1e-06,0.048556,69,58,0.0124,1.6812,15,58,1,4,2,0.375,4.88,4.08
PMC3094554_table_1,1.0,0.9906,26,0.275227,0,0.0,0.006341,42,38,0.0221,1.8095,4,38,1,13,2,0.5,21.65,13.48
PMC3087703_table_0,0.2791,0.9726,23,1.360887,4,3e-06,0.078739,36,34,0.027,1.8889,0,34,2,17,2,0.0,96.22,43.66
PMC3079124_table_0,0.8542,0.9689,32,0.149691,0,1e-06,0.04163,36,32,0.0254,1.7778,10,32,0,8,4,0.6875,3.59,2.84
PMC3076254_table_2,0.9524,0.9847,54,0.253972,5,1e-06,0.023942,75,72,0.013,1.92,16,72,1,24,3,0.2917,8.7,3.11
PMC3053241_table_1,0.6824,0.9056,59,0.2105,1,0.008407,0.063712,64,60,0.0149,1.875,2,60,1,15,4,0.85,14.33,9.6
PMC3052168_table_2,0.7754,0.9851,259,0.175596,0,1e-06,0.008209,306,290,0.0031,1.8954,43,290,10,37,7,1.0,9.26,3.39
PMC3051918_table_0,0.3529,0.9226,15,0.125046,0,0.0,0.01756,20,15,0.0395,1.5,0,15,1,3,5,0.7333,7.6,4.53
PMC3050753_table_1,0.9556,0.9929,30,0.16056,0,3e-06,0.041262,40,30,0.0192,1.5,1,30,1,3,10,0.7,7.0,4.16
PMC3050128_table_3,0.6122,0.8998,20,0.27914,0,3e-06,0.002941,125,116,0.0075,1.856,3,116,0,4,5,0.75,7.05,4.06
PMC3045948_table_2,0.9673,0.9719,58,0.288776,6,0.082641,0.051178,127,115,0.0072,1.811,5,115,6,10,7,0.6,11.51,8.18
PMC3040729_table_1,0.8995,0.9888,140,0.131495,0,2e-06,0.032702,150,140,0.0063,1.8667,2,140,0,14,10,0.7429,8.04,5.25
PMC3040712_table_6,0.8824,0.9681,75,0.229392,0,1e-06,0.007726,200,191,0.0048,1.91,3,191,2,29,4,0.5948,9.59,5.02
PMC3037903_table_1,1.0,0.9904,30,0.882778,0,5e-06,0.089706,32,30,0.0302,1.875,3,30,0,15,2,0.1667,71.77,83.82
PMC3035672_table_2,0.7541,0.9834,303,0.122932,2,0.00255,0.047659,319,308,0.003,1.931,16,308,48,28,11,0.711,7.94,11.47
PMC3035304_table_3,0.9718,0.9882,108,0.235988,0,7e-06,0.0047,112,108,0.0087,1.9286,39,108,2,27,4,0.4815,9.82,14.91
PMC3035227_table_3,0.8571,0.99,54,0.276408,0,2e-06,0.013882,57,54,0.0169,1.8947,5,54,5,18,3,0.537,11.45,11.42
PMC3035217_table_2,0.8442,0.9907,54,0.340686,0,6e-06,0.006515,125,118,0.0076,1.888,17,118,26,18,3,0.537,11.86,11.58
PMC3031221_table_0,1.0,0.99,92,0.274444,0,4.3e-05,0.005826,94,92,0.0105,1.9574,14,92,1,46,2,0.5109,12.65,9.3
PMC3023732_table_1,0.9917,0.9865,76,0.153028,6,0.013814,0.046802,99,88,0.0091,1.7778,6,88,7,8,11,0.7614,8.1,2.73
PMC3012017_table_1,1.0,0.9747,15,0.245145,0,1e-06,0.001721,76,67,0.0118,1.7632,13,67,1,3,5,0.6667,12.87,8.63
PMC3011447_table_3,0.597,0.9883,168,0.17904,0,9e-06,0.010095,268,252,0.0035,1.8806,37,252,5,24,7,0.994,9.58,3.66
PMC3009039_table_0,0.439,0.9192,48,0.851751,0,2e-06,0.079956,50,48,0.0196,1.92,3,48,0,24,2,0.6667,22.2,14.72
PMC3008993_table_1,0.1875,0.92,36,0.526984,0,2.3e-05,0.058769,38,36,0.0256,1.8947,3,36,0,18,2,0.7778,19.82,11.36
PMC3008075_table_0,0.1875,0.9005,38,0.660321,0,4e-06,0.056916,40,38,0.0244,1.9,3,38,1,19,2,0.7632,19.25,11.64
PMC3008030_table_3,0.3529,0.8888,15,0.279817,0,0.0,0.009346,20,15,0.0395,1.5,3,15,0,3,5,0.4,9.36,8.21
PMC3007339_table_3,0.6957,0.9287,40,0.281542,0,2e-06,0.004209,45,40,0.0202,1.7778,1,40,0,8,5,0.875,7.53,5.06
PMC3007329_table_3,0.6897,0.917,30,0.265375,0,1e-06,0.00887,35,30,0.0252,1.7143,4,30,1,6,5,0.8667,8.57,3.21
PMC2996381_table_2,0.6167,0.9547,51,0.40155,0,0.0,0.044342,54,51,0.0178,1.8889,13,51,1,17,3,0.3725,23.49,26.75
PMC2988813_table_0,1.0,0.9876,85,0.244927,0,3e-06,0.013784,90,85,0.0106,1.8889,15,85,0,17,5,0.8353,4.31,4.8
PMC2988695_table_2,1.0,0.9869,37,0.251599,3,0.015217,0.009451,150,138,0.0062,1.84,7,138,7,14,7,0.602,9.95,4.02
PMC2983745_table_1,0.3429,0.9224,46,0.817187,0,4.1e-05,0.110111,48,46,0.0204,1.9167,4,46,1,23,2,0.6739,22.42,14.57
PMC2983245_table_4,0.6275,0.9085,20,0.288899,0,1e-06,0.011252,165,156,0.0058,1.8909,2,156,0,4,5,0.75,7.55,3.64
PMC2983244_table_2,0.9804,0.9897,120,0.196555,0,4e-06,0.007277,244,228,0.0038,1.8689,38,228,6,24,5,0.9667,7.03,3.23
PMC2980152_table_1,0.1875,0.9142,36,0.670672,0,7e-06,0.058654,38,36,0.0256,1.8947,2,36,0,18,2,0.7778,19.88,11.67
PMC2977121_table_1,0.6415,0.9032,20,0.26768,0,1e-06,0.012294,25,20,0.0333,1.6,1,20,0,4,5,0.75,6.85,3.82
PMC2971868_table_1,0.8974,0.989,135,0.196299,0,1.1e-05,0.007061,140,135,0.0069,1.9286,26,135,1,27,5,0.963,7.47,3.39
PMC2971131_table_0,0.827,0.9919,225,0.196649,0,1.6e-05,0.009065,230,225,0.0043,1.9565,44,225,2,45,5,0.9822,7.12,3.18
PMC2970500_table_3,0.5455,0.9099,20,0.264647,0,0.0,0.00718,25,20,0.0333,1.6,1,20,0,4,5,0.55,8.31,6.62
PMC2970248_table_1,0.8645,0.9876,125,0.1951,0,1e-05,0.007526,235,223,0.0041,1.8979,39,223,7,14,7,0.9796,9.62,4.2
PMC2969968_table_0,0.3937,0.9823,154,0.176576,0,4e-06,0.0103,267,251,0.0035,1.8801,33,251,17,22,7,0.987,10.09,4.1
PMC2968895_table_0,0.8566,0.9836,152,0.208059,4,0.055766,0.045826,278,266,0.0035,1.9137,43,266,5,23,7,0.9193,9.07,3.79
PMC2968425_table_0,0.6658,0.9841,253,0.191839,1,0.032247,0.036793,329,313,0.0029,1.9027,39,313,7,37,7,0.9112,9.04,3.53
PMC2968033_table_2,0.7286,0.9759,304,0.196622,3,0.004383,0.036111,315,308,0.0031,1.9556,19,308,1,44,7,0.724,7.93,3.33
PMC2965109_table_1,0.8964,0.978,214,0.153593,1,0.002548,0.013271,224,216,0.0043,1.9286,54,216,6,27,8,0.3611,9.48,11.64
PMC2964633_table_6,1.0,0.9799,16,0.222099,4,0.089749,0.00545,28,24,0.0317,1.7143,6,24,3,6,4,0.5,7.68,7.35
PMC2960585_table_3,0.5714,0.898,15,0.282493,0,0.0,0.015122,120,111,0.0078,1.85,1,111,0,3,5,0.6667,9.6,2.63
PMC2960371_table_2,0.7009,0.9198,40,0.263754,0,2e-06,0.016789,141,132,0.0067,1.8723,1,132,0,8,5,0.875,7.45,4.78
PMC2959831_table_0,0.2286,0.9048,54,0.828284,0,7e-06,0.088408,56,54,0.0175,1.9286,3,54,1,27,2,0.7222,20.49,12.51
PMC2958955_table_1,1.0,0.9891,50,0.131473,0,0.0,0.036595,185,175,0.0051,1.8919,21,175,4,25,5,0.56,7.37,3.11
PMC2957385_table_0,0.8281,0.945,116,0.23614,2,0.020663,0.008101,125,120,0.0077,1.92,11,120,3,24,5,0.7083,10.71,6.86
PMC2954221_table_2,0.9342,0.981,108,0.173617,0,3e-06,0.078207,111,108,0.0088,1.9459,34,108,0,36,3,0.6667,10.76,28.98
PMC2949749_table_0,1.0,0.9578,48,0.378756,0,0.0,0.007223,51,48,0.0188,1.8824,14,48,0,16,3,0.3333,10.79,9.65
PMC2949626_table_0,0.3125,0.9912,11,2.866983,1,1e-06,0.491136,14,12,0.0659,1.7143,2,12,2,6,2,0.0,231.0,239.07
PMC2945977_table_0,0.96,0.9874,32,0.556541,0,2e-06,0.009259,34,32,0.0285,1.8824,7,32,1,16,2,0.5312,18.07,14.91
PMC2928757_table_0,0.8404,0.9629,70,0.117758,12,0.007677,0.00919,90,84,0.0105,1.8667,15,84,3,14,6,0.5476,3.93,3.28
PMC2918584_table_0,1.0,0.9925,50,0.224011,4,0.006601,0.006199,228,216,0.0042,1.8947,21,216,6,9,6,0.6852,8.62,5.62
PMC2913962_table_0,0.939,0.9889,193,0.060281,5,0.000894,0.032603,228,215,0.0042,1.886,23,215,7,20,10,0.475,3.42,2.7
PMC2912376_table_0,0.3636,0.9848,10,0.142388,0,3e-06,0.03905,15,10,0.0476,1.3333,0,10,0,2,5,1.0,4.0,2.93
PMC2903605_table_0,0.9247,0.9922,32,0.597273,4,0.073015,0.064172,42,36,0.0209,1.7143,12,36,1,6,6,0.3056,23.06,36.7
PMC2901341_table_0,1.0,0.9911,20,0.963135,0,1e-06,0.158678,22,20,0.0433,1.8182,2,20,0,10,2,0.75,49.65,43.79
PMC2898772_table_4,0.9519,0.9915,59,0.289979,2,0.035033,0.039755,70,65,0.0135,1.8571,14,65,3,13,5,0.5231,6.74,8.78
PMC2892520_table_1,0.6716,0.9926,65,0.173234,1,0.116559,0.019677,152,136,0.0059,1.7895,0,72,8,9,8,0.5,8.1,2.68
PMC2892435_table_1,1.0,0.9922,20,0.308038,0,1e-06,0.061185,97,90,0.0097,1.8557,16,90,0,10,2,0.45,8.0,7.42
PMC2875746_table_0,1.0,0.9933,6,0.296553,0,0.0,0.007798,32,27,0.0272,1.6875,2,27,0,7,3,0.6667,24.06,10.9
PMC2865439_table_0,0.8623,0.989,124,0.341631,0,4e-06,0.058423,128,124,0.0076,1.9375,31,124,1,31,4,0.6129,9.25,8.04
PMC2857672_table_2,0.874,0.9911,318,0.160644,2,0.03002,0.027358,336,328,0.0029,1.9524,0,328,9,41,8,0.3232,8.58,7.1
PMC2851697_table_0,0.9459,0.9825,24,0.186852,0,2e-06,0.010147,69,64,0.0136,1.8551,14,64,0,20,2,0.45,14.1,8.22
PMC2847977_table_2,1.0,0.9921,27,0.163837,3,0.00144,0.053115,161,144,0.0056,1.7888,15,144,9,11,3,0.6364,9.15,13.0
PMC2841581_table_0,0.8889,0.9609,24,0.100104,2,0.017716,0.011667,35,28,0.0235,1.6,7,28,4,4,7,0.5714,5.64,3.65
PMC2837610_table_5,0.8125,0.9752,26,0.281564,0,1e-06,0.008278,160,154,0.0061,1.925,15,154,1,32,4,0.625,9.19,7.0
PMC2830464_table_0,0.8235,0.9126,20,0.264488,0,4e-06,0.024704,65,55,0.0132,1.6923,0,55,5,4,5,0.9,6.65,8.41
PMC2807456_table_2,0.7312,0.9659,67,0.374111,1,0.02671,0.041369,72,69,0.0135,1.9167,0,69,3,23,3,0.7246,14.24,20.44
PMC2789750_table_2,0.9211,0.9313,25,0.563001,0,3e-06,0.108987,30,25,0.0287,1.6667,9,25,0,5,5,0.48,20.44,21.13
PMC2789075_table_2,0.908,0.9727,67,0.337019,5,0.01163,0.066632,80,72,0.0114,1.8,5,72,1,9,8,0.75,7.66,5.94
PMC2753999_table_5,1.0,0.9945,6,0.287988,0,0.0,0.009183,118,90,0.0065,1.5254,5,90,1,3,2,0.5,8.5,7.78
PMC2749015_table_6,0.6729,0.9781,192,0.125921,6,0.00796,0.035688,220,210,0.0044,1.9091,10,210,6,21,10,0.6619,7.35,4.89
PMC2748699_table_1,0.9773,0.9909,31,0.337074,2,0.045266,0.080097,42,35,0.0203,1.6667,0,35,5,5,7,0.7429,8.83,9.5
PMC2738923_table_4,1.0,0.9701,21,0.791468,0,3e-06,0.115661,56,45,0.0146,1.6071,8,45,1,3,8,0.625,4.75,3.54
PMC2738882_table_0,0.5574,0.9567,45,0.491069,0,1e-06,0.076298,50,45,0.0184,1.8,5,45,0,9,5,0.7333,10.09,5.07
PMC2717056_table_3,0.9765,0.954,50,0.256201,0,1e-06,0.075045,55,50,0.0168,1.8182,1,50,0,10,5,0.9,14.42,9.3
PMC2716320_table_2,0.1351,0.9691,48,0.55196,21,0.06331,0.068193,80,75,0.0119,1.875,16,75,3,15,5,0.3733,11.12,9.29
PMC2712451_table_1,1.0,0.9629,55,0.6757,5,4e-06,0.124726,65,60,0.0144,1.8462,1,60,1,12,5,0.3667,35.39,24.33
PMC2689863_table_0,1.0,0.9465,32,0.175449,0,1e-06,0.041026,220,207,0.0043,1.8818,22,207,9,4,8,0.6875,6.09,4.13
PMC2685366_table_1,1.0,0.9884,24,0.330462,0,4e-06,0.046537,108,100,0.0087,1.8519,37,100,2,6,4,0.6667,17.17,26.43
PMC2679401_table_1,1.0,0.9929,32,0.483792,0,1e-06,0.021823,94,87,0.01,1.8511,19,87,0,16,2,0.0,21.47,8.27
PMC2662412_table_1,1.0,0.9918,21,0.14652,1,0.060866,0.023486,30,25,0.0287,1.6667,0,25,5,5,5,0.6,7.96,5.36
PMC2661040_table_0,0.9038,0.8929,32,0.51742,0,2e-06,0.019487,36,32,0.0254,1.7778,5,32,0,8,4,0.7188,10.06,4.59
PMC2660351_table_1,0.9716,0.958,120,0.159995,0,5e-06,0.025873,123,120,0.008,1.9512,17,120,0,40,3,0.9667,5.85,2.32
PMC2655277_table_0,1.0,0.9698,27,0.335823,0,2e-06,0.018598,30,27,0.031,1.8,9,27,0,9,3,0.5926,6.26,5.42
PMC2651853_table_0,0.686,0.9614,54,0.302247,0,2e-06,0.091281,60,54,0.0153,1.8,2,54,8,9,6,0.4259,15.64,12.05
PMC2649063_table_4,0.9778,0.9779,174,0.217539,1,0.002764,0.047433,180,175,0.0054,1.9444,18,175,2,35,5,0.5314,11.18,6.27
PMC2638143_table_1,1.0,0.9836,75,0.30588,6,0.038684,0.012043,96,88,0.0096,1.8333,5,88,5,11,8,0.7386,6.61,8.6
PMC2636790_table_3,1.0,0.9915,20,0.409523,0,1e-06,0.02712,25,20,0.0333,1.6,3,20,0,4,5,0.65,9.8,9.27
PMC2633291_table_3,0.4537,0.9173,136,0.348131,18,2.2e-05,0.034595,175,170,0.0056,1.9429,4,170,0,34,5,0.3412,10.59,5.15
PMC2632991_table_1,1.0,0.989,80,0.211118,0,1e-06,0.037431,85,80,0.0112,1.8824,2,80,0,16,5,0.9125,6.2,3.54
PMC2630980_table_1,0.1053,0.9214,23,0.604224,1,2e-06,0.041229,26,24,0.0369,1.8462,2,24,0,12,2,0.25,32.67,25.87
PMC2607272_table_0,0.9605,0.9682,58,0.588171,2,0.152853,0.014631,68,64,0.014,1.8824,14,64,0,16,4,0.5156,11.45,10.35
PMC2605762_table_0,0.8356,0.9829,48,0.357602,0,2e-06,0.089835,54,48,0.0168,1.7778,5,48,2,8,6,0.3958,17.14,22.24
PMC2596795_table_0,0.4583,0.9531,18,1.400057,0,6e-06,0.247921,21,18,0.0429,1.7143,3,18,2,6,3,0.3889,83.22,104.29
PMC2586090_table_2,0.8387,0.9641,325,0.156777,1,0.027343,0.052395,342,333,0.0029,1.9474,0,333,9,37,9,0.3904,7.03,8.88
PMC2564801_table_1,0.9078,0.9805,101,0.273346,3,0.011376,0.013403,108,104,0.009,1.9259,16,104,2,26,4,0.7885,10.46,6.56
PMC2553421_table_3,0.8923,0.9583,325,0.096649,0,1e-06,0.050307,338,325,0.0029,1.9231,10,325,0,25,13,0.28,2.74,2.4
PMC2553080_table_5,1.0,0.9768,72,0.272526,0,1e-06,0.035076,148,140,0.0064,1.8919,18,140,6,18,4,0.4861,5.28,8.75
PMC2538534_table_2,1.0,0.9889,16,0.355375,0,1e-06,0.043252,20,16,0.0421,1.6,0,16,1,4,4,1.0,10.5,8.44
PMC2537570_table_1,0.9493,0.9786,221,0.221907,3,4e-06,0.09141,231,224,0.0042,1.9394,29,224,1,32,7,0.6696,8.84,14.35
PMC2517593_table_0,0.6878,0.9842,420,0.118703,3,4e-06,0.039716,432,423,0.0023,1.9583,16,423,71,47,9,0.357,6.07,5.07
PMC2483968_table_6,1.0,0.9756,17,0.438224,1,0.263024,0.053715,92,76,0.0091,1.6522,16,76,10,5,4,0.75,12.05,20.89
PMC2464595_table_0,0.9412,0.9783,152,0.304398,0,1.1e-05,0.043912,156,152,0.0063,1.9487,9,152,2,38,4,0.5855,10.22,11.97
PMC2442103_table_0,0.9732,0.9121,64,0.153934,0,1e-06,0.045293,117,104,0.0077,1.7778,14,104,0,8,5,0.2,19.45,14.7
PMC2441610_table_0,0.9469,0.9785,96,0.2804,0,4e-06,0.038096,100,96,0.0097,1.92,2,96,0,24,4,0.5208,17.9,12.57
PMC2396464_table_4,1.0,0.9915,12,0.302756,0,1e-06,0.043967,15,12,0.0571,1.6,4,12,0,4,3,0.5833,10.25,5.79
PMC2390766_table_1,0.9886,0.9851,305,0.153574,1,0.024859,0.012433,320,312,0.0031,1.95,0,312,8,39,8,0.4712,7.52,6.65
PMC2375887_table_4,0.9538,0.9782,192,0.122667,0,3e-06,0.05626,332,312,0.0028,1.8795,22,312,2,10,6,0.5833,6.0,8.28
PMC2375887_table_0,1.0,0.9625,48,0.245367,2,0.01,0.066618,80,70,0.0111,1.75,4,70,4,10,5,0.9,13.02,12.34
PMC2330037_table_7,1.0,0.9723,63,0.35365,0,1e-06,0.030943,66,63,0.0147,1.9091,11,63,0,21,3,0.7778,6.52,6.97
PMC2324116_table_0,0.5556,0.9815,19,0.249007,2,0.166106,0.021669,30,24,0.0276,1.6,6,24,8,4,6,0.4167,7.04,4.74
PMC2323382_table_3,0.8612,0.9611,70,0.216553,0,1e-06,0.040921,114,106,0.0082,1.8596,18,106,8,14,5,0.7429,7.57,4.53
PMC2291354_table_0,0.9508,0.9859,60,0.158532,0,1e-06,0.04279,64,60,0.0149,1.875,18,60,0,15,4,0.95,3.58,3.3
PMC2275281_table_0,0.6554,0.9835,70,0.099207,0,4e-06,0.045807,168,140,0.005,1.6667,8,140,0,5,14,0.9857,3.49,1.88
PMC2246258_table_2,0.9883,0.9781,265,0.163042,2,0.023627,0.026683,280,272,0.0035,1.9429,33,272,6,34,8,0.8824,2.76,3.75
PMC2217530_table_1,0.9889,0.9551,56,0.179693,3,0.03496,0.06248,187,173,0.005,1.8503,19,173,11,22,5,0.6818,9.8,4.62
PMC2206728_table_2,0.9213,0.982,136,0.368209,6,0.219973,0.040649,165,160,0.0059,1.9394,3,160,4,32,5,0.7063,16.0,12.67
PMC2206054_table_1,0.9091,0.9912,47,0.25108,2,0.005062,0.08014,56,49,0.0159,1.75,7,49,1,7,7,0.3878,6.06,4.0
PMC2098763_table_0,0.9259,0.9771,99,0.152652,0,3e-06,0.045832,332,316,0.0029,1.9036,11,316,63,31,7,0.3963,5.62,4.77
PMC2082412_table_1,1.0,0.9903,20,0.153888,0,0.0,0.024746,24,20,0.0362,1.6667,3,20,1,5,4,0.7,9.05,3.29
PMC2041955_table_5,0.9703,0.9734,63,0.173068,0,3e-06,0.046695,70,63,0.013,1.8,16,63,1,9,7,0.381,7.06,4.75
PMC2041812_table_0,0.8982,0.9754,85,0.120931,1,0.015472,0.103854,124,114,0.0075,1.8387,0,24,4,6,4,0.5417,7.9,7.86
PMC2034562_table_0,1.0,0.9923,12,0.564318,4,2e-06,0.092417,18,16,0.0523,1.7778,8,16,0,8,2,0.0,37.92,49.84
PMC1971072_table_2,1.0,0.9725,27,0.205185,0,2e-06,0.085161,204,187,0.0045,1.8333,35,187,0,20,8,0.7688,9.74,12.26
PMC1945087_table_3,1.0,0.9912,28,0.150311,0,0.0,0.023254,140,130,0.0067,1.8571,14,130,14,17,6,0.6275,3.92,3.91
PMC1913506_table_2,1.0,0.9734,280,0.109994,0,0.0,0.047346,290,280,0.0033,1.931,20,280,1,28,10,0.6857,5.08,3.36
PMC1913503_table_0,0.9429,0.9871,26,0.655999,0,1e-06,0.074885,28,26,0.0344,1.8571,0,26,0,13,2,0.5,32.19,29.15
PMC1906713_table_0,0.4314,0.948,25,0.389925,0,1e-06,0.07783,85,75,0.0105,1.7647,7,75,0,10,5,0.7,12.18,8.85
PMC1890278_table_2,1.0,0.9677,28,0.303468,0,0.0,0.048881,32,28,0.0282,1.75,2,28,0,7,4,0.8571,11.25,9.06
PMC1871592_table_1,1.0,0.9614,12,0.460767,0,0.0,0.038678,15,12,0.0571,1.6,1,12,1,4,3,0.75,16.75,12.5
PMC1868730_table_0,0.5455,0.9903,51,0.339479,0,3e-06,0.034725,54,51,0.0178,1.8889,16,51,15,17,3,0.4314,8.31,5.64
PMC1866392_table_0,1.0,0.9815,39,0.384178,0,2e-06,0.039583,42,39,0.0226,1.8571,0,39,1,13,3,0.6154,14.44,13.29
PMC1851393_table_3,1.0,0.9906,86,0.368344,1,0.061159,0.017615,95,90,0.0101,1.8947,4,90,4,18,5,0.6,13.74,7.71
PMC1838917_table_2,1.0,0.9935,16,0.568473,0,3e-06,0.045436,42,36,0.0209,1.7143,4,36,0,8,2,0.4375,13.38,13.62
PMC1838409_table_0,0.94,0.9599,33,0.383785,0,3e-06,0.041704,36,33,0.0262,1.8333,10,33,0,11,3,0.3636,22.09,26.22
PMC1828055_table_0,1.0,0.9461,40,0.216174,2,0.0,0.045436,48,42,0.0186,1.75,7,42,0,7,6,0.1667,4.1,3.81
PMC1764481_table_0,1.0,0.9823,45,0.268183,4,0.017317,0.097208,80,71,0.0112,1.775,8,71,3,7,7,0.7959,6.96,6.41
PMC1635427_table_0,1.0,0.9888,61,1.042084,5,0.090845,0.141738,68,66,0.0145,1.9412,4,66,0,33,2,0.7121,59.93,52.07
PMC1590034_table_1,1.0,0.9897,28,0.155689,0,1e-06,0.048821,32,28,0.0282,1.75,0,28,0,7,4,0.8929,4.04,4.98
PMC1578566_table_5,1.0,0.9795,14,0.614915,0,1e-06,0.048959,16,14,0.0583,1.75,4,14,0,7,2,0.4286,14.93,14.36
PMC1559693_table_1,0.7671,0.9794,30,0.399252,1,0.007689,0.099299,36,32,0.0254,1.7778,1,32,3,8,4,0.6875,23.68,33.56
PMC1550794_table_2,1.0,0.9897,43,0.447128,1,0.156575,0.092323,56,49,0.0159,1.75,3,49,6,7,7,0.449,19.78,16.43
PMC1538607_table_0,0.9434,0.9722,48,0.283063,0,1e-06,0.040523,52,48,0.0181,1.8462,11,48,0,12,4,0.2917,5.87,5.05
PMC1526434_table_1,0.7929,0.9842,120,0.216306,0,4e-06,0.030121,125,120,0.0077,1.92,24,120,13,24,5,0.2167,13.95,11.14
PMC1501038_table_3,0.8158,0.9673,30,0.327709,8,0.037847,0.097871,48,40,0.0177,1.6667,2,40,8,5,8,0.7,12.12,5.15
PMC1501038_table_2,0.8158,0.9673,30,0.327709,8,0.037847,0.097871,48,40,0.0177,1.6667,2,40,8,5,8,0.7,12.12,5.15
PMC1479820_table_0,0.8187,0.9787,186,0.300999,0,1e-05,0.027874,189,186,0.0052,1.9683,28,186,9,62,3,0.3226,14.87,11.58
PMC1459141_table_0,1.0,0.9508,16,0.278168,0,1e-06,0.046155,18,16,0.0523,1.7778,10,16,0,8,2,0.75,8.56,6.19
PMC1402315_table_2,1.0,0.9913,28,0.278818,0,0.0,0.037864,54,50,0.0175,1.8519,6,50,0,11,2,0.4545,15.45,15.15
PMC1276813_table_0,0.3415,0.9557,24,0.491952,5,0.054783,0.094342,35,30,0.0252,1.7143,3,30,2,6,5,0.6,17.3,14.03
PMC1274300_table_3,0.908,0.9735,49,0.199097,0,1e-06,0.087215,56,49,0.0159,1.75,1,49,2,7,7,0.7755,5.08,2.32
PMC1188076_table_0,0.8519,0.9845,35,0.261238,0,2e-06,0.081534,40,35,0.0224,1.75,7,35,1,7,5,0.5429,7.6,8.69
PMC1182388_table_2,1.0,0.9785,28,0.315385,0,0.0,0.047769,82,74,0.0111,1.8049,7,74,6,7,2,0.5,26.25,35.59
PMC1175934_table_2,1.0,0.9895,20,0.437346,2,0.309821,0.013943,146,129,0.0061,1.7671,9,129,20,5,6,0.5667,9.28,4.19
PMC1084345_table_1,0.9385,0.978,86,0.323192,2,0.129713,0.054857,96,92,0.0101,1.9167,0,0,0,23,4,0.663,11.43,13.47
PMC1198247_table_0,0.0,0.9189,76,0.373454,1,0.113447,0.042865,81,78,0.012,1.9259,0,0,0,26,3,0.3333,6.03,2.11
PMC1557852_table_1,0.8491,0.9745,77,0.260476,1,0.016503,0.102724,120,110,0.0077,1.8333,0,0,0,16,5,0.3375,7.43,12.14
PMC1562360_table_3,0.9151,0.9406,124,0.351597,0,5e-06,0.060319,128,124,0.0076,1.9375,0,0,0,31,4,0.371,13.7,9.75
PMC1569843_table_2,1.0,0.9745,40,0.207377,1,0.041985,0.055124,171,159,0.0055,1.8596,0,0,0,14,3,0.7143,11.03,10.37
PMC1590031_table_1,0.9759,0.9738,50,0.157088,0,4e-06,0.086311,60,50,0.0141,1.6667,0,0,0,5,10,0.82,6.14,5.38
PMC1633737_table_2,1.0,0.9652,60,0.195886,0,1e-06,0.04389,132,120,0.0069,1.8182,0,0,0,10,6,0.75,7.62,3.25
PMC1636636_table_1,1.0,0.9442,14,0.267583,0,0.0,0.028549,16,14,0.0583,1.75,0,0,0,7,2,0.4286,20.31,9.7
PMC1660541_table_0,0.9043,0.9644,130,0.185392,8,4e-06,0.034286,144,138,0.0067,1.9167,0,0,0,23,6,0.4928,6.0,4.65
PMC1779593_table_0,0.982,0.9828,88,0.29392,0,1e-06,0.024361,90,88,0.011,1.9556,0,0,0,44,2,0.5682,8.33,5.74
PMC1794514_table_0,0.8871,0.9819,79,0.55012,1,0.043859,0.029727,84,81,0.0116,1.9286,0,0,0,27,3,0.642,19.81,19.45
PMC1810295_table_2,0.9643,0.9736,35,0.254806,0,2e-06,0.044494,96,87,0.0095,1.8125,0,0,0,7,5,0.9143,13.65,17.04
PMC1821321_table_6,0.96,0.9603,60,0.194795,0,1e-06,0.055413,156,144,0.006,1.8462,0,0,0,10,6,0.7667,9.98,5.92
PMC1832194_table_1,0.888,0.9434,96,0.268741,0,3e-06,0.028965,100,96,0.0097,1.92,0,0,0,24,4,0.5312,11.72,10.74
PMC1854904_table_0,1.0,0.9913,16,0.548505,0,2e-06,0.045719,18,16,0.0523,1.7778,0,0,0,8,2,0.375,19.5,18.17
PMC1892807_table_1,1.0,0.9921,46,0.242969,2,0.013676,0.061748,54,48,0.0168,1.7778,0,0,0,8,6,0.7083,6.81,5.23
PMC1988823_table_0,0.6577,0.9838,48,0.183179,4,0.005574,0.039468,120,104,0.0073,1.7333,0,0,0,7,8,0.625,9.04,16.82
PMC2147007_table_3,0.9653,0.9794,89,0.202828,1,0.009129,0.144259,98,91,0.0096,1.8571,0,0,0,13,7,0.8791,8.46,9.45
PMC2206728_table_4,0.9838,0.9783,126,0.302913,1,0.046691,0.019542,135,130,0.0072,1.9259,0,0,0,26,5,0.8231,16.41,11.05
PMC2228295_table_3,1.0,0.9922,36,0.221404,2,0.017975,0.052002,348,328,0.0027,1.8851,0,0,0,5,8,0.6,5.82,8.94
PMC2233624_table_0,0.8333,0.978,10,0.317288,0,0.0,0.047781,12,10,0.0758,1.6667,0,0,0,5,2,0.3,6.22,5.67
PMC2276215_table_1,1.0,0.9946,12,0.668383,0,1e-06,0.04299,15,12,0.0571,1.6,0,0,0,4,3,0.75,21.5,27.45
PMC2292191_table_3,1.0,0.9854,72,0.153417,3,0.023913,0.063633,180,165,0.0051,1.8333,0,0,0,8,10,0.725,5.77,6.58
PMC2323398_table_0,0.8158,0.9766,79,0.167253,5,0.030706,0.0672,100,90,0.0091,1.8,0,0,0,9,10,0.5889,5.27,4.46
PMC2358903_table_2,0.8587,0.965,56,0.387202,10,1e-06,0.117119,72,66,0.0129,1.8333,0,0,0,11,6,0.7576,16.38,19.14
PMC2375131_table_3,1.0,0.9707,125,0.133467,10,0.000598,0.033597,229,215,0.0041,1.8777,0,0,0,15,9,0.6815,3.64,6.54
PMC2396464_table_0,0.7586,0.9918,20,1.009726,2,2e-06,0.088978,24,22,0.0399,1.8333,0,0,0,11,2,0.3182,58.7,41.12
PMC2396464_table_6,1.0,0.9916,11,0.948287,1,1e-05,0.119431,15,12,0.0571,1.6,0,0,0,4,3,0.25,38.5,28.54
PMC2424063_table_2,0.9552,0.9752,387,0.132731,2,0.008224,0.033451,399,392,0.0025,1.9649,0,0,0,56,7,0.7832,7.4,4.39
PMC2424243_table_0,1.0,0.9796,120,0.183522,1,0.076603,0.015817,133,126,0.0072,1.8947,0,0,0,18,7,0.5635,6.1,6.86
PMC2570330_table_0,0.9231,0.9483,10,0.540266,1,0.478133,0.035352,15,12,0.0571,1.6,0,0,0,4,3,0.1667,10.89,12.89
PMC2584649_table_0,1.0,0.9899,27,0.196462,0,1e-06,0.045887,159,147,0.0059,1.8491,0,0,0,9,3,0.2593,14.58,8.83
PMC2600640_table_0,0.9364,0.9667,91,0.127952,4,0.000816,0.069483,100,95,0.0096,1.9,0,0,0,19,5,0.5684,4.05,4.29
PMC2612030_table_0,0.8832,0.9644,64,0.377114,0,9e-06,0.093291,72,64,0.0125,1.7778,0,0,0,8,8,0.5,8.69,9.19
PMC2627531_table_2,1.0,0.9913,12,0.597398,0,2e-06,0.011,48,39,0.0173,1.625,0,0,0,4,3,0.3333,16.91,10.25
PMC2638143_table_2,0.9455,0.977,125,0.236111,5,0.013189,0.012674,150,140,0.0063,1.8667,0,0,0,14,10,0.6714,4.44,4.28
PMC2653462_table_0,0.9424,0.9828,93,0.353106,0,6e-06,0.028107,96,93,0.0102,1.9375,0,0,0,31,3,0.5914,10.24,11.09
PMC2672075_table_2,0.9362,0.9597,35,0.535086,1,0.009435,0.01571,40,36,0.0231,1.8,0,0,0,9,4,0.5556,11.94,6.55
PMC2677627_table_0,1.0,0.9906,176,0.146999,4,0.049364,0.016795,263,241,0.0035,1.8327,0,0,0,21,9,0.4233,5.51,4.3
PMC2700266_table_1,0.9044,0.9941,92,0.157537,10,0.080457,0.050179,120,110,0.0077,1.8333,0,0,0,11,10,0.6545,3.86,3.7
PMC2702171_table_0,0.069,0.9891,53,0.237648,3,0.231796,0.064816,338,312,0.0027,1.8462,0,0,0,8,10,0.35,9.82,9.99
PMC2708188_table_3,0.9349,0.9729,106,0.304516,5,0.009997,0.064077,120,115,0.0081,1.9167,0,0,0,23,5,0.4087,12.38,10.82
PMC2724412_table_1,0.9048,0.9582,42,0.092381,0,4e-06,0.049434,49,42,0.0179,1.7143,0,0,0,6,7,0.6905,6.39,4.96
PMC2753999_table_0,0.0,0.9915,86,0.300893,1,0.05219,0.107824,95,90,0.0101,1.8947,0,0,0,18,5,0.6222,7.3,13.7
PMC2753999_table_10,1.0,0.9945,6,0.287988,0,0.0,0.009183,118,90,0.0065,1.5254,0,0,0,3,2,0.5,8.5,7.78
PMC2753999_table_21,1.0,0.9925,6,0.289792,0,1e-06,0.002263,84,64,0.0092,1.5238,0,0,0,3,2,0.5,3.83,4.63
PMC2774290_table_1,0.9268,0.9689,27,0.44719,1,3e-06,0.044121,36,30,0.0238,1.6667,0,0,0,5,6,0.6667,9.04,5.35
PMC2779815_table_0,0.85,0.9818,15,0.338322,0,1e-06,0.021923,53,45,0.0163,1.6981,0,0,0,5,3,0.5333,6.6,8.38
PMC2791219_table_0,0.2836,0.9783,51,0.683623,1,0.159831,0.04126,54,52,0.0182,1.9259,0,0,0,26,2,0.9231,57.24,54.24
PMC2821374_table_3,0.9707,0.987,139,0.182396,2,0.059515,0.004492,203,189,0.0046,1.8621,0,0,0,21,7,0.7415,4.7,4.88
PMC2835713_table_0,0.9717,0.9871,174,0.170234,1,0.000575,0.027486,182,175,0.0053,1.9231,0,0,0,25,7,0.8057,3.86,4.15
PMC2841639_table_0,0.3782,0.9191,123,0.197223,5,0.040763,0.030947,140,133,0.0068,1.9,0,0,0,19,7,0.4361,10.84,10.46
PMC2867633_table_0,0.7805,0.9798,28,0.215122,0,2e-06,0.025634,101,88,0.0087,1.7426,0,0,0,4,7,0.6429,4.54,3.28
PMC2871531_table_0,0.8889,0.989,20,1.254529,4,1e-06,0.079621,32,30,0.0302,1.875,0,0,0,15,2,0.0,71.05,53.46
PMC2907385_table_1,0.8699,0.9752,96,0.583949,0,9e-06,0.010751,100,96,0.0097,1.92,0,0,0,24,4,0.75,9.52,7.7
PMC2911884_table_0,1.0,0.9746,34,0.367051,0,6e-06,0.072978,36,34,0.027,1.8889,0,0,0,17,2,0.6765,19.79,12.84
PMC2912886_table_4,1.0,0.9925,9,0.316246,0,0.0,0.120798,12,9,0.0682,1.5,0,0,0,3,3,0.4444,11.44,8.5
PMC2914071_table_0,0.7568,0.9065,15,0.469326,0,1e-06,0.051914,18,15,0.049,1.6667,0,0,0,5,3,0.8,13.79,6.6
PMC2919447_table_2,1.0,0.9828,52,0.301788,0,2e-06,0.007212,86,79,0.0108,1.8372,0,0,0,13,4,0.7308,8.83,6.68
PMC2927916_table_1,0.9605,0.9864,45,0.278014,0,0.0,0.061283,116,99,0.0074,1.7069,0,0,0,9,5,0.7333,8.42,4.46
PMC2929219_table_2,1.0,0.9837,15,0.118655,0,1e-06,0.003878,88,79,0.0103,1.7955,0,0,0,3,5,0.7333,8.14,3.14
PMC2931511_table_0,1.0,0.9872,20,0.524922,0,2e-06,0.007889,22,20,0.0433,1.8182,0,0,0,10,2,0.0,26.85,10.18
PMC2946917_table_1,1.0,0.9829,48,0.141111,6,0.137563,0.024998,78,65,0.0108,1.6667,0,0,0,5,13,0.3692,4.47,2.65
PMC2959035_table_1,1.0,0.9109,22,0.220817,2,0.010945,0.004906,72,64,0.0125,1.7778,0,0,0,8,3,0.6667,9.09,4.06
PMC2959095_table_3,0.9804,0.9898,67,0.193147,1,0.08024,0.057536,176,154,0.005,1.75,0,0,0,7,11,0.6104,7.43,6.32
PMC2959544_table_0,0.7418,0.9205,65,0.257559,0,1e-06,0.009784,70,65,0.0135,1.8571,0,0,0,13,5,0.9231,7.77,3.45
PMC2960816_table_0,0.0,0.9685,44,0.123768,0,1e-06,0.033061,48,44,0.0195,1.8333,0,0,0,11,4,0.9545,8.14,1.28
PMC2961100_table_0,0.5455,0.9434,15,0.125628,0,0.0,0.026016,20,15,0.0395,1.5,0,0,0,3,5,0.6667,7.53,4.53
PMC2961316_table_0,0.6275,0.9334,20,0.115927,0,0.0,0.028919,91,83,0.0101,1.8242,0,0,0,4,5,0.75,7.35,4.52
PMC2961582_table_0,0.0,0.9894,90,0.198179,0,7e-06,0.011926,95,90,0.0101,1.8947,0,0,0,18,5,0.9444,7.19,3.41
PMC2961735_table_1,0.381,0.9527,20,0.852497,0,2e-06,0.072321,22,20,0.0433,1.8182,0,0,0,10,2,0.55,26.89,19.24
PMC2962187_table_1,0.0,0.9849,45,0.197946,0,2e-06,0.009549,50,45,0.0184,1.8,0,0,0,9,5,0.8889,7.93,3.85
PMC2965656_table_0,0.9675,0.9915,175,0.206744,1,0.032421,0.012513,251,240,0.0038,1.9124,0,0,0,30,6,0.5889,5.34,5.37
PMC2966467_table_4,0.9771,0.9873,64,0.141614,0,3e-06,0.008087,208,194,0.0045,1.8654,0,0,0,16,4,0.5781,8.28,3.36
PMC2968103_table_1,0.8372,0.9921,175,0.194659,0,7e-06,0.006017,180,175,0.0054,1.9444,0,0,0,35,5,0.9714,7.62,3.62
PMC2970189_table_3,0.3529,0.96,150,0.288616,14,0.00791,0.051931,170,165,0.0057,1.9412,0,0,0,33,5,0.7212,9.29,3.27
PMC2970409_table_1,0.9653,0.9911,100,0.202268,0,1e-06,0.007997,189,177,0.005,1.873,0,0,0,20,5,0.95,8.74,4.03
PMC2971259_table_0,0.3529,0.9515,10,0.14641,0,0.0,0.00571,15,10,0.0476,1.3333,0,0,0,2,5,0.5,7.4,3.69
PMC2971934_table_1,0.3684,0.9382,18,1.014788,0,2.6e-05,0.125776,20,18,0.0474,1.8,0,0,0,9,2,0.5556,28.88,21.46
PMC2975422_table_0,1.0,0.9839,72,0.153044,0,2e-06,0.004177,76,72,0.0126,1.8947,0,0,0,18,4,0.9583,3.93,3.48
PMC2979356_table_3,0.9149,0.9294,60,0.29447,0,4e-06,0.012677,126,110,0.007,1.746,0,0,0,15,4,1.0,7.7,2.3
PMC2980474_table_12,1.0,0.9888,41,0.333521,1,0.199182,0.018641,118,109,0.0079,1.8475,0,0,0,11,4,0.8182,12.45,17.25
PMC2983225_table_2,0.4286,0.9467,175,0.247557,0,0.00031,0.038331,180,175,0.0054,1.9444,0,0,0,35,5,0.7543,10.23,3.26
PMC2983752_table_2,0.6502,0.9765,77,0.178335,0,4e-06,0.012021,230,214,0.0041,1.8609,0,0,0,11,7,0.974,8.51,4.79
PMC2991300_table_0,0.9526,0.9878,151,0.148045,1,0.000784,0.036845,156,152,0.0063,1.9487,0,0,0,38,4,0.5724,10.26,5.8
PMC3004808_table_0,0.982,0.9874,78,0.187166,0,5e-06,0.007116,81,78,0.012,1.9259,0,0,0,26,3,0.5641,14.26,6.27
PMC3007540_table_2,0.7941,0.9498,24,0.17292,0,1e-06,0.007827,158,141,0.0057,1.7848,0,0,0,3,8,0.625,6.83,4.04
PMC3009127_table_1,0.1875,0.9214,42,0.847297,0,6.9e-05,0.111757,44,42,0.0222,1.9091,0,0,0,21,2,0.6429,21.59,13.22
PMC3011671_table_0,0.3529,0.9547,10,0.146694,0,0.0,0.00576,15,10,0.0476,1.3333,0,0,0,2,5,0.5,7.4,3.69
PMC3012069_table_1,1.0,0.9802,57,0.082061,1,0.018719,0.011347,108,98,0.0085,1.8148,0,0,0,8,8,0.4062,7.34,5.71
PMC3014882_table_1,0.9756,0.988,76,0.129049,4,0.004781,0.004787,125,110,0.0071,1.76,0,0,0,8,10,0.7375,5.38,3.94
PMC3031240_table_2,0.5875,0.8594,48,0.14735,0,1e-06,0.040596,52,48,0.0181,1.8462,0,0,0,12,4,0.7708,10.77,2.74
PMC3053241_table_3,0.9737,0.9897,380,0.133396,6,0.052278,0.008429,414,405,0.0024,1.9565,0,0,0,45,9,0.837,7.54,9.94
PMC3060833_table_1,1.0,0.9861,24,0.527021,0,2e-06,0.165196,26,24,0.0369,1.8462,0,0,0,12,2,0.4583,51.12,44.1
PMC3068189_table_0,1.0,0.994,19,0.254177,1,0.047658,0.061285,24,21,0.038,1.75,0,0,0,7,3,0.4286,10.56,6.62
PMC3070700_table_2,0.9868,0.9888,117,0.196835,2,0.012171,0.013146,168,160,0.0057,1.9048,0,0,0,40,3,0.7917,5.06,3.14
PMC3083321_table_3,0.8261,0.953,26,0.18906,6,0.050507,0.007692,122,106,0.0072,1.7377,0,0,0,4,9,0.3889,7.35,3.9
PMC3083394_table_3,0.5979,0.9608,51,0.15841,4,0.034173,0.042554,65,60,0.0144,1.8462,0,0,0,12,5,0.4,8.59,7.39
PMC3089254_table_0,0.3684,0.925,26,0.962119,0,3e-06,0.144519,93,86,0.0101,1.8495,0,0,0,13,2,0.6923,26.64,25.42
PMC3094208_table_0,1.0,0.9591,18,0.338446,0,1e-06,0.048176,20,18,0.0474,1.8,0,0,0,9,2,0.4444,25.17,14.66
PMC3097236_table_4,0.7407,0.9754,53,0.401252,1,0.136026,0.071086,148,140,0.0064,1.8919,0,0,0,14,4,0.5536,45.19,39.08
PMC3100035_table_3,0.3529,0.8788,11,0.384848,1,0.188861,0.016294,164,155,0.0058,1.8902,0,0,0,3,5,0.3333,8.82,7.04
PMC3106459_table_0,1.0,0.993,20,0.146287,0,0.0,0.011326,24,20,0.0362,1.6667,0,0,0,5,4,0.6,5.47,4.39
PMC3110167_table_0,0.975,0.9556,110,0.167257,4,0.050136,0.01616,224,212,0.0042,1.8929,0,0,0,15,8,0.525,10.3,8.98
PMC3112193_table_1,0.3038,0.9844,100,0.113465,0,2e-06,0.009161,110,100,0.0083,1.8182,0,0,0,10,10,0.81,5.49,2.33
PMC3112401_table_3,1.0,0.9858,115,0.212127,1,0.023943,0.005753,210,198,0.0045,1.8857,0,0,0,20,6,0.5667,13.25,18.54
PMC3114711_table_3,0.9893,0.9932,205,0.07159,8,0.003053,0.038744,401,384,0.0024,1.9152,0,0,0,24,9,0.6389,4.37,3.27
PMC3120778_table_3,0.6176,0.9919,62,0.222523,2,0.03855,0.031563,72,66,0.0129,1.8333,0,0,0,11,6,0.7879,12.19,6.2
PMC3123594_table_1,0.9693,0.9925,201,0.16379,11,0.00728,0.053592,225,216,0.0043,1.92,0,0,0,24,9,0.7222,10.12,14.42
PMC3124224_table_3,0.9057,0.9905,54,0.410062,0,3e-06,0.005847,57,54,0.0169,1.8947,0,0,0,18,3,0.4259,13.11,8.1
PMC3126753_table_0,0.9645,0.9881,158,0.181469,3,0.006715,0.004578,168,161,0.0057,1.9167,0,0,0,23,7,0.5528,6.96,5.47
PMC3127831_table_0,0.8,0.9403,59,0.199715,4,0.078221,0.009069,77,70,0.012,1.8182,0,0,0,10,7,0.4429,6.32,6.98
PMC3128855_table_6,0.9062,0.9775,24,0.292663,0,1e-06,0.003991,26,24,0.0369,1.8462,0,0,0,12,2,0.5833,19.48,7.64
PMC3129293_table_1,1.0,0.988,114,0.194053,0,2e-06,0.007158,120,114,0.008,1.9,0,0,0,19,6,0.7368,12.09,6.94
PMC3137596_table_0,1.0,0.9942,16,0.48624,1,0.297382,0.067624,25,20,0.0333,1.6,0,0,0,4,5,0.3,13.93,12.91
PMC3139655_table_0,0.8261,0.9735,124,0.407209,1,0.055122,0.010867,129,126,0.0076,1.9535,0,0,0,42,3,0.5873,14.24,8.78
PMC3140926_table_0,0.7531,0.9535,58,0.609377,0,2e-06,0.013276,60,58,0.0164,1.9333,0,0,0,29,2,0.4828,20.09,14.2
PMC3145659_table_1,0.9683,0.9926,51,0.163245,5,0.132489,0.098461,171,147,0.0051,1.7193,0,0,0,5,15,0.3067,5.0,4.03
PMC3146482_table_0,0.9821,0.9866,303,0.155235,3,0.034371,0.012133,320,312,0.0031,1.95,0,0,0,39,8,0.8878,6.61,5.3
PMC3148448_table_1,0.942,0.9896,51,0.334688,13,0.007004,0.011242,75,70,0.0126,1.8667,0,0,0,14,5,0.3571,9.0,3.87
PMC3153454_table_0,0.8194,0.9834,44,0.394079,3,0.212828,0.1237,55,50,0.0168,1.8182,0,0,0,10,5,0.46,19.86,31.02
PMC3164647_table_1,0.8205,0.9897,29,0.349681,1,0.244505,0.018707,36,32,0.0254,1.7778,0,0,0,8,4,0.375,15.96,20.4
PMC3173397_table_2,0.9104,0.9755,41,0.108834,1,0.02061,0.050114,56,48,0.0156,1.7143,0,0,0,6,8,0.6458,6.22,6.53
PMC3200651_table_0,0.4211,0.9363,15,1.187161,1,0.231915,0.174905,18,16,0.0523,1.7778,0,0,0,8,2,0.625,29.07,20.1
PMC3200963_table_2,0.6811,0.9692,301,0.182051,39,0.003485,0.033314,387,378,0.0025,1.9535,0,0,0,42,9,0.4762,8.56,3.63
PMC3200978_table_1,0.0,0.9825,15,0.214031,0,0.0,0.013424,20,15,0.0395,1.5,0,0,0,3,5,0.6667,7.36,4.51
PMC3201898_table_2,1.0,0.9902,16,0.315522,0,1e-06,0.00548,38,31,0.022,1.6316,0,0,0,4,4,0.75,9.38,11.93
PMC3206886_table_2,1.0,0.9919,97,0.311833,1,0.055768,0.012714,159,150,0.006,1.8868,0,0,0,25,4,0.0,12.83,10.97
PMC3212326_table_1,0.44,0.9365,22,0.834662,0,5e-06,0.072551,24,22,0.0399,1.8333,0,0,0,11,2,0.6818,30.71,20.89
PMC3217866_table_5,1.0,0.9877,20,0.30817,0,0.0,0.010699,48,42,0.0186,1.75,0,0,0,5,4,0.5,17.78,27.88
PMC3233584_table_1,0.9828,0.9729,141,0.308452,1,0.051394,0.011421,148,144,0.0066,1.9459,0,0,0,36,4,0.5417,10.22,7.04
PMC3233584_table_2,1.0,0.9885,148,0.407407,1,0.044718,0.011322,153,150,0.0064,1.9608,0,0,0,50,3,0.6467,15.82,9.56
PMC3236214_table_1,1.0,0.9912,37,0.328973,1,0.116335,0.05176,48,42,0.0186,1.75,0,0,0,7,6,0.3333,19.67,16.49
PMC3237006_table_3,0.9697,0.992,103,0.136341,4,0.016681,0.016903,256,224,0.0034,1.75,0,0,0,7,16,0.8125,4.26,2.18
PMC3239086_table_4,0.7818,0.986,154,0.175819,0,5e-06,0.007903,245,234,0.0039,1.9102,0,0,0,22,7,0.9935,8.86,3.1
PMC3240589_table_2,1.0,0.9909,25,0.454184,1,0.244289,0.079764,32,28,0.0282,1.75,0,0,0,7,4,0.5357,26.88,45.97
PMC3244382_table_0,0.9586,0.9725,139,0.185146,3,0.058978,0.016382,184,174,0.0052,1.8913,0,0,0,21,7,0.551,5.08,4.29
PMC3250402_table_1,0.575,0.9454,69,0.329816,1,0.08781,0.029324,161,152,0.0059,1.8882,0,0,0,18,4,0.625,13.92,9.2
PMC3259056_table_0,1.0,0.9919,66,0.107657,0,1e-06,0.054788,324,306,0.0029,1.8889,0,0,0,11,6,0.4545,5.13,4.02
PMC3262834_table_1,0.2105,0.9209,13,0.502732,1,0.35998,0.020629,18,15,0.049,1.6667,0,0,0,5,3,0.4,17.75,6.1
PMC3273456_table_0,0.7619,0.9715,125,0.307974,1,0.071124,0.012903,132,128,0.0074,1.9394,0,0,0,32,4,0.4766,6.17,4.83
PMC3279805_table_0,0.875,0.9914,12,0.298842,0,0.0,0.019949,44,40,0.0211,1.8182,0,0,0,6,2,0.6667,8.42,7.8
PMC3285081_table_2,1.0,0.9875,35,0.164087,0,0.0,0.066007,172,161,0.0055,1.8721,0,0,0,7,5,0.6286,8.82,4.32
PMC3292127_table_13,1.0,0.9807,22,1.218956,4,0.699765,0.100879,28,26,0.0344,1.8571,0,0,0,13,2,0.0,48.23,40.7
PMC3292127_table_20,1.0,0.9785,15,1.578569,3,0.576816,0.131171,59,46,0.0134,1.5593,0,0,0,9,2,0.0,74.33,58.77
PMC3293093_table_0,1.0,0.9917,16,0.328904,0,1e-06,0.039924,18,16,0.0523,1.7778,0,0,0,8,2,0.4375,16.0,13.84
PMC3327684_table_0,0.9286,0.9932,35,0.244881,2,0.202597,0.0671,253,229,0.0036,1.8103,0,0,0,6,7,0.5714,6.29,10.7
PMC3328267_table_0,0.4,0.9874,30,0.514421,0,2e-06,0.071424,32,30,0.0302,1.875,0,0,0,15,2,0.6667,46.87,26.63
PMC3335463_table_1,1.0,0.9826,87,0.746199,0,2.5e-05,0.063154,90,87,0.0109,1.9333,0,0,0,29,3,0.8621,21.8,22.11
PMC3344059_table_0,0.6349,0.9083,25,0.265987,0,1e-06,0.016301,30,25,0.0287,1.6667,0,0,0,5,5,0.8,6.88,3.95
PMC3344153_table_1,0.8248,0.9713,177,0.315373,1,0.032201,0.025624,184,180,0.0053,1.9565,0,0,0,45,4,0.9722,7.59,2.44
PMC3349679_table_1,0.7222,0.9837,16,0.160914,1,0.077977,0.025549,41,32,0.0195,1.561,0,0,0,4,5,0.45,6.38,2.73
PMC3350423_table_3,1.0,0.987,24,0.201198,0,1e-06,0.006048,81,72,0.0111,1.7778,0,0,0,8,3,0.625,8.17,5.42
PMC3356378_table_1,0.1739,0.7882,11,0.37165,1,0.051134,0.065122,14,12,0.0659,1.7143,0,0,0,6,2,0.5,11.4,7.06
PMC3368918_table_0,0.6688,0.954,150,0.120966,5,0.050866,0.042364,180,168,0.0052,1.8667,0,0,0,14,12,0.5476,7.08,4.86
PMC3368923_table_1,0.9375,0.9874,31,0.13218,1,0.037982,0.066447,308,289,0.0031,1.8766,0,0,0,6,6,0.6111,7.4,5.76
PMC3370893_table_5,1.0,0.9843,18,0.704128,2,0.06606,0.043096,22,20,0.0433,1.8182,0,0,0,10,2,0.8,14.56,16.84
PMC3371043_table_0,0.6584,0.8807,166,0.25185,1,0.03207,0.030517,175,170,0.0056,1.9429,0,0,0,34,5,0.6706,10.98,6.52
PMC3372471_table_1,0.9592,0.9873,248,0.101045,1,0.03813,0.040584,327,311,0.0029,1.9021,0,0,0,20,13,0.5231,2.55,1.01
PMC3379180_table_1,0.6824,0.9085,30,0.260214,0,2e-06,0.016583,123,114,0.0076,1.8537,0,0,0,6,5,0.8333,8.2,3.66
PMC3380922_table_1,1.0,0.9819,113,0.31049,1,0.076127,0.011034,141,134,0.0068,1.9007,0,0,0,29,4,0.9052,13.62,15.78
PMC3388091_table_1,0.9186,0.9897,61,0.159479,1,0.017287,0.04368,68,64,0.014,1.8824,0,0,0,16,4,0.5625,9.19,4.27
PMC3393750_table_0,0.8889,0.9669,144,0.125018,1,0.047584,0.037944,249,232,0.0038,1.8635,0,0,0,14,11,0.8506,7.43,5.61
PMC3395693_table_0,0.8774,0.9814,85,0.13696,4,0.023572,0.014219,105,100,0.0092,1.9048,0,0,0,20,5,0.37,10.24,13.12
PMC3395875_table_2,0.924,0.9727,76,0.287359,0,3e-06,0.007371,80,76,0.012,1.9,0,0,0,19,4,0.7632,8.48,7.88
PMC3405049_table_6,1.0,0.9932,86,0.148077,4,0.103454,0.019509,220,200,0.0042,1.8182,0,0,0,10,10,0.72,5.19,1.98
PMC3409205_table_3,0.9091,0.9822,17,0.17883,1,0.065475,0.025893,24,20,0.0362,1.6667,0,0,0,5,4,0.65,6.07,3.77
PMC3410871_table_1,0.9545,0.986,88,0.156095,2,0.017359,0.03758,96,92,0.0101,1.9167,0,0,0,23,4,0.3696,4.23,4.32
PMC3410895_table_0,0.9787,0.9934,39,0.17106,2,0.034902,0.020864,164,156,0.0058,1.9024,0,0,0,11,4,0.4545,6.91,5.26
PMC3411577_table_3,0.962,0.9808,101,0.13528,1,0.071067,0.017986,192,176,0.0048,1.8333,0,0,0,11,10,0.7909,2.5,1.49
PMC3419752_table_1,0.8377,0.981,317,0.099747,8,0.037604,0.034185,364,350,0.0026,1.9231,0,0,0,25,14,0.7371,5.17,4.86
PMC3438016_table_3,0.9776,0.9913,106,0.16682,1,0.005088,0.006992,308,288,0.003,1.8701,0,0,0,27,4,0.4815,3.67,3.08
PMC3445572_table_1,0.9833,0.9932,86,0.161861,3,0.111742,0.021212,108,99,0.0086,1.8333,0,0,0,11,9,0.596,4.77,3.87
PMC3458916_table_0,0.7357,0.9509,159,0.213375,2,0.047948,0.013293,174,168,0.0056,1.931,0,0,0,28,6,0.744,11.84,8.17
PMC3465209_table_0,0.7895,0.9795,24,0.213759,0,1e-06,0.007858,28,24,0.0317,1.7143,0,0,0,6,4,0.7917,10.04,7.43
PMC3469482_table_0,0.36,0.9753,19,0.654772,1,0.345829,0.018361,22,20,0.0433,1.8182,0,0,0,10,2,0.8,23.94,18.56
PMC3472847_table_0,0.5476,0.9276,36,0.218349,0,1e-06,0.008891,40,36,0.0231,1.8,0,0,0,9,4,0.4167,6.58,5.04
PMC3475058_table_0,0.91,0.9537,167,0.27121,3,0.005331,0.005675,175,170,0.0056,1.9429,0,0,0,34,5,0.5176,9.43,8.89
PMC3477562_table_0,0.7931,0.9928,21,0.167809,1,0.054692,0.006775,28,24,0.0317,1.7143,0,0,0,6,4,0.6667,7.0,10.0
PMC3478569_table_2,0.8684,0.9895,31,0.682502,1,2e-06,0.048102,34,32,0.0285,1.8824,0,0,0,16,2,0.0312,36.96,23.36
PMC3482183_table_0,1.0,0.993,25,0.355804,1,0.177449,0.022079,62,52,0.0137,1.6774,0,0,0,7,4,0.25,12.47,6.06
PMC3483292_table_1,0.8657,0.9884,81,0.324618,1,0.051402,0.039382,115,108,0.0082,1.8783,0,0,0,21,4,0.75,13.0,8.58
PMC3502425_table_1,1.0,0.9921,8,0.309361,0,2e-06,0.006623,10,8,0.0889,1.6,0,0,0,4,2,0.5,6.75,2.17
PMC3503625_table_4,1.0,0.9888,55,0.130186,0,3e-06,0.006003,121,105,0.0072,1.7355,0,0,0,11,5,0.4909,7.49,4.36
PMC3508979_table_0,0.4615,0.8077,9,0.460306,1,0.402888,0.028973,16,12,0.05,1.5,0,0,0,3,4,0.3333,14.38,6.76
PMC3509621_table_1,0.26,0.9076,48,0.221044,0,4e-06,0.006557,108,96,0.0083,1.7778,0,0,0,8,6,0.6875,8.63,5.16
PMC3517413_table_0,1.0,0.9939,99,0.113455,0,2e-06,0.01921,200,179,0.0045,1.79,0,0,0,9,11,0.7677,5.66,2.13
PMC3519828_table_0,1.0,0.9544,46,0.168854,1,0.155179,0.023889,135,120,0.0066,1.7778,0,0,0,6,9,0.6667,2.96,1.87
PMC3521170_table_3,1.0,0.9832,57,0.183345,2,0.088213,0.010818,200,176,0.0044,1.76,0,0,0,8,8,0.5312,11.21,6.4
PMC3521766_table_0,0.927,0.9829,118,0.193997,1,0.005716,0.010955,123,120,0.008,1.9512,0,0,0,40,3,0.5083,5.1,5.13
PMC3522716_table_2,0.7259,0.952,45,0.126073,0,1e-06,0.048158,226,213,0.0042,1.885,0,0,0,9,5,0.5556,5.96,3.84
PMC3522940_table_1,0.6452,0.9814,22,0.969028,4,5e-06,0.13188,32,28,0.0282,1.75,0,0,0,7,4,0.25,34.82,32.81
PMC3523315_table_0,0.8406,0.9925,32,0.179184,0,0.0,0.080153,36,32,0.0254,1.7778,0,0,0,8,4,0.6875,6.0,7.12
PMC3531427_table_0,1.0,0.99,25,0.306986,1,0.026085,0.018903,90,86,0.0107,1.9111,0,0,0,13,2,0.4231,12.3,6.58
PMC3534045_table_1,0.5827,0.9448,115,0.211757,1,0.067457,0.013397,126,120,0.0076,1.9048,0,0,0,20,6,0.6167,6.42,3.97
PMC3542033_table_0,1.0,0.9728,17,0.183048,2,0.01848,0.007315,24,20,0.0362,1.6667,0,0,0,5,4,0.45,10.44,7.65
PMC3544806_table_0,0.9032,0.9918,75,0.29559,1,0.009305,0.022364,150,145,0.0065,1.9333,0,0,0,38,2,0.4737,10.74,5.96
PMC3547788_table_1,0.9592,0.9796,32,0.314931,0,1e-06,0.008799,36,32,0.0254,1.7778,0,0,0,8,4,0.6562,9.45,7.86
PMC3548884_table_1,1.0,0.9868,18,0.265064,2,0.041002,0.062525,73,63,0.012,1.726,0,0,0,7,3,0.5714,8.75,8.44
PMC3553007_table_1,0.8907,0.991,292,0.208984,4,0.020442,0.019673,306,300,0.0032,1.9608,0,0,0,50,6,0.5133,6.41,8.16
PMC3553175_table_1,0.5957,0.8822,29,0.283546,3,0.154782,0.018079,42,36,0.0209,1.7143,0,0,0,6,6,0.1667,9.28,5.96
PMC3554728_table_0,0.75,0.9497,74,0.213716,2,0.081458,0.042347,91,84,0.0103,1.8462,0,0,0,12,7,0.7738,5.22,10.76
PMC3554728_table_1,0.7442,0.9379,66,0.201353,8,0.089983,0.05363,88,80,0.0104,1.8182,0,0,0,10,8,0.3875,5.59,6.7
PMC3572105_table_1,1.0,0.9924,34,0.459212,1,0.196975,0.047375,39,36,0.0243,1.8462,0,0,0,12,3,0.8611,10.64,13.15
PMC3581464_table_0,1.0,0.9913,105,0.163659,1,0.062622,0.017769,120,112,0.0078,1.8667,0,0,0,14,8,0.75,4.94,3.61
PMC3588342_table_1,0.6931,0.9185,35,0.259531,0,2e-06,0.016026,96,87,0.0095,1.8125,0,0,0,7,5,0.8571,6.94,4.16
PMC3594188_table_2,0.9535,0.9883,123,0.223819,3,0.094482,0.018623,243,230,0.0039,1.893,0,0,0,22,6,0.6894,5.87,5.47
PMC3607595_table_1,0.8144,0.9859,67,0.210335,1,0.005835,0.035457,72,69,0.0135,1.9167,0,0,0,23,3,0.6377,17.16,11.89
PMC3617093_table_0,0.5641,0.9674,13,0.573187,1,0.367179,0.052822,18,15,0.049,1.6667,0,0,0,5,3,0.2,22.5,11.18
PMC3626540_table_2,1.0,0.9824,50,0.249033,8,3e-06,0.005101,66,60,0.014,1.8182,0,0,0,10,6,0.5667,14.67,4.69
PMC3628850_table_0,0.9158,0.9743,67,0.107847,1,0.024916,0.044824,132,120,0.0069,1.8182,0,0,0,12,6,0.625,5.03,5.57
PMC3632613_table_1,0.7532,0.9927,90,0.165709,11,0.053865,0.020717,117,108,0.008,1.8462,0,0,0,12,9,0.713,5.97,6.12
PMC3637302_table_1,1.0,0.9914,91,0.215005,1,0.080031,0.015482,168,156,0.0056,1.8571,0,0,0,16,6,0.5833,8.81,7.62
PMC3637377_table_2,0.8779,0.9925,206,0.159059,3,0.035271,0.014362,264,251,0.0036,1.9015,0,0,0,27,8,0.4954,5.03,3.3
PMC3639142_table_0,0.9928,0.9908,127,0.193991,8,0.045993,0.027125,269,252,0.0035,1.8736,0,0,0,18,8,0.7778,10.36,6.74
PMC3643825_table_2,0.8384,0.974,85,0.454549,2,9e-06,0.005778,90,87,0.0109,1.9333,0,0,0,29,3,0.3908,14.56,14.49
PMC3643978_table_0,0.866,0.9727,109,0.312393,1,0.040267,0.012453,116,112,0.0084,1.931,0,0,0,28,4,0.6964,11.77,8.31
PMC3646043_table_0,1.0,0.9871,49,0.158815,1,0.023567,0.019588,56,52,0.0169,1.8571,0,0,0,13,4,0.4231,6.64,4.48
PMC3656967_table_4,0.7941,0.9838,181,0.265597,1,0.037982,0.032512,190,185,0.0052,1.9474,0,0,0,37,5,0.5514,9.75,7.71
PMC3659117_table_0,1.0,0.9902,9,0.733961,1,0.275966,0.025098,12,10,0.0758,1.6667,0,0,0,5,2,0.3,28.75,18.6
PMC3676398_table_2,1.0,0.9821,23,0.1906,2,0.085166,0.02104,88,80,0.0104,1.8182,0,0,0,7,4,0.6071,5.52,5.3
PMC3686763_table_0,0.9216,0.99,38,0.363923,3,0.166004,0.018673,96,88,0.0096,1.8333,0,0,0,11,4,0.5,17.68,12.99
PMC3688577_table_0,0.9062,0.9861,43,0.204811,1,0.025122,0.015329,48,45,0.0199,1.875,0,0,0,15,3,0.6444,10.73,5.72
PMC3688900_table_0,0.5921,0.984,181,0.151481,5,0.052492,0.037961,207,198,0.0046,1.913,0,0,0,22,9,0.596,6.57,5.84
PMC3702526_table_1,0.9498,0.9818,283,0.13507,4,0.003604,0.006266,321,304,0.003,1.8941,0,0,0,29,10,0.5069,7.54,6.3
PMC3704533_table_0,0.7059,0.9592,36,0.25763,1,0.167944,0.069225,49,42,0.0179,1.7143,0,0,0,6,7,0.6667,10.17,6.34
PMC4344205_table_2,1.0,0.9827,16,0.363933,0,6e-06,0.024323,20,16,0.0421,1.6,0,0,0,4,4,0.75,6.5,5.05
PMC4351604_table_1,0.0,0.9169,4,0.48055,0,0.0,0.0025,6,4,0.1333,1.3333,0,0,0,2,2,0.5,16.25,12.15
PMC4353454_table_1,1.0,0.9865,30,0.218266,0,2e-06,0.006127,113,106,0.0084,1.8761,0,0,0,10,3,0.6667,5.93,4.24
PMC4362765_table_3,0.8793,0.9347,35,0.192326,0,1e-06,0.020542,40,35,0.0224,1.75,0,0,0,7,5,0.8857,8.8,2.66
PMC4365540_table_0,1.0,0.9751,90,0.174629,5,0.006349,0.005801,104,96,0.009,1.8462,0,0,0,12,8,0.6042,8.73,3.68
PMC4368764_table_4,1.0,0.9915,56,0.171936,0,1e-06,0.020508,91,74,0.009,1.6264,0,0,0,7,8,0.5893,1.87,1.61
PMC4369133_table_0,0.0,0.9707,59,0.254733,7,0.0,0.06868,72,69,0.0135,1.9167,0,0,0,23,3,0.3768,13.06,7.66
PMC4370696_table_2,1.0,0.9935,30,0.276121,0,1e-06,0.020388,79,72,0.0117,1.8228,0,0,0,6,5,0.6,6.0,5.21
PMC4375213_table_1,1.0,0.9842,297,0.129852,9,0.003682,0.005145,322,308,0.003,1.913,0,0,0,22,14,0.7597,4.01,3.35
PMC4376866_table_3,1.0,0.982,39,0.314758,0,1e-06,0.016345,42,39,0.0226,1.8571,0,0,0,13,3,0.9231,10.74,10.78
PMC4379030_table_1,0.5882,0.8678,12,0.366684,0,0.0,0.025551,16,12,0.05,1.5,0,0,0,3,4,0.6667,17.08,11.62
PMC4383175_table_3,0.971,0.9866,46,0.213105,2,0.007378,0.04507,198,186,0.0048,1.8788,0,0,0,8,6,0.6667,5.36,4.82
PMC4389669_table_0,0.8889,0.9868,28,0.327913,0,1e-06,0.005184,32,28,0.0282,1.75,0,0,0,7,4,0.4286,13.43,8.98
PMC4392614_table_1,0.4737,0.9912,14,1.386716,0,4e-06,0.117754,16,14,0.0583,1.75,0,0,0,7,2,0.0,105.93,56.69
PMC4397071_table_4,1.0,0.9831,19,0.399903,2,4e-06,0.018533,251,240,0.0038,1.9124,0,0,0,8,3,0.5833,6.58,3.13
PMC4403040_table_0,0.8644,0.9838,42,0.548236,0,4e-06,0.05885,45,42,0.0212,1.8667,0,0,0,14,3,0.1905,27.47,20.7
PMC4407580_table_3,0.0,0.9425,42,0.155158,3,0.005444,0.058303,50,45,0.0184,1.8,0,0,0,9,5,0.4444,7.67,8.88
PMC4412099_table_1,0.9052,0.9824,105,0.161175,7,0.019313,0.005728,126,117,0.0074,1.8571,0,0,0,13,9,0.453,6.76,5.92
PMC4413748_table_0,0.8723,0.9855,63,0.189265,0,2e-06,0.032472,70,63,0.013,1.8,0,0,0,9,7,0.4286,5.68,4.33
PMC4417106_table_2,0.0,0.9692,101,0.179805,7,0.006426,0.004793,200,187,0.0047,1.87,0,0,0,14,8,0.3482,5.35,5.88
PMC4418676_table_3,0.92,0.9815,21,0.319533,0,0.0,0.019734,24,21,0.038,1.75,0,0,0,7,3,0.6667,9.0,5.85
PMC4422448_table_0,1.0,0.9844,18,0.439719,0,1e-06,0.005078,21,18,0.0429,1.7143,0,0,0,6,3,0.6667,17.0,20.04
PMC4422464_table_6,0.9351,0.9772,75,0.264032,0,4e-06,0.002328,216,203,0.0044,1.8796,0,0,0,15,5,0.7867,5.24,6.64
PMC4426844_table_2,1.0,0.9932,58,0.185251,3,0.01848,0.041645,130,119,0.0071,1.8308,0,0,0,9,7,0.6825,8.95,6.67
PMC4428113_table_1,1.0,0.9874,45,0.352164,3,0.003768,0.007224,104,96,0.009,1.8462,0,0,0,12,4,0.7708,13.33,11.04
PMC4428227_table_0,0.6497,0.8952,65,0.330669,0,5e-06,0.060043,70,65,0.0135,1.8571,0,0,0,13,5,0.3231,16.44,25.77
PMC4430480_table_0,1.0,0.9935,77,0.192378,0,2e-06,0.014671,84,77,0.011,1.8333,0,0,0,11,7,0.3117,10.72,5.91
PMC4431187_table_0,0.8571,0.9921,18,0.177881,1,0.01534,0.012162,24,20,0.0362,1.6667,0,0,0,5,4,0.7,7.72,3.71
PMC4431200_table_1,0.4167,0.9862,10,0.650055,0,4e-06,0.010837,12,10,0.0758,1.6667,0,0,0,5,2,0.4,33.1,16.74
PMC4434947_table_0,0.5217,0.979,31,0.617385,1,0.204902,0.185287,40,35,0.0224,1.75,0,0,0,7,5,0.4857,32.42,50.49
PMC4447769_table_0,0.5319,0.8412,32,0.163161,0,2e-06,0.007975,36,32,0.0254,1.7778,0,0,0,8,4,0.875,3.81,3.28
PMC4455936_table_0,0.25,0.9336,16,0.16109,0,1e-06,0.011301,40,32,0.0205,1.6,0,0,0,4,4,0.5625,9.06,2.61
PMC4478005_table_0,0.7707,0.988,493,0.102631,111,0.000856,0.075677,656,640,0.0015,1.9512,0,0,0,40,16,0.2859,4.15,2.56
PMC4483219_table_0,0.9311,0.9848,192,0.203575,4,0.002041,0.055474,203,196,0.0048,1.931,0,0,0,28,7,0.6939,10.73,6.5
PMC4494645_table_0,1.0,0.9932,96,0.220354,0,2e-06,0.004806,136,128,0.007,1.8824,0,0,0,16,6,0.625,2.85,4.19
PMC4502595_table_0,1.0,0.9852,8,0.634224,0,2e-06,0.213879,10,8,0.0889,1.6,0,0,0,4,2,0.0,59.25,91.28
PMC4507756_table_1,1.0,0.9918,101,0.210877,1,2e-06,0.03728,171,158,0.0054,1.848,0,0,0,17,6,0.6765,11.67,15.77
PMC4521758_table_0,0.0,0.9758,138,0.221433,0,2e-06,0.014266,144,138,0.0067,1.9167,0,0,0,23,6,0.4638,8.03,7.19
PMC4529665_table_1,1.0,0.9932,13,0.323134,1,0.05234,0.085637,60,50,0.0141,1.6667,0,0,0,5,3,0.4667,14.58,22.83
PMC4531895_table_1,1.0,0.9915,96,0.156226,7,0.042042,0.005737,120,115,0.0081,1.9167,0,0,0,23,5,0.4435,10.12,5.03
PMC4534041_table_0,1.0,0.9887,55,0.271654,0,2e-06,0.017114,60,55,0.0155,1.8333,0,0,0,11,5,0.7091,11.84,6.08
PMC4538240_table_3,0.8831,0.9395,27,0.187489,3,0.059407,0.042746,56,49,0.0159,1.75,0,0,0,7,5,0.5143,8.48,12.49
PMC4545804_table_3,0.0896,0.9871,58,0.156946,5,0.005014,0.007797,72,63,0.0123,1.75,0,0,0,7,9,0.5556,5.77,5.98
PMC4548242_table_2,0.8073,0.9556,50,0.156305,0,0.0,0.002384,135,125,0.0069,1.8519,0,0,0,10,5,0.48,9.32,4.32
PMC4552797_table_0,0.8,0.9312,36,0.231332,0,1e-06,0.022617,42,36,0.0209,1.7143,0,0,0,6,6,0.8333,8.72,4.31
PMC4552869_table_1,0.9687,0.9813,309,0.159188,28,0.001352,0.072356,351,338,0.0028,1.9259,0,0,0,26,13,0.4675,8.53,4.69
PMC4552993_table_1,0.7641,0.9765,170,0.096108,5,0.004504,0.004132,399,385,0.0024,1.9298,0,0,0,25,7,0.4114,7.17,6.64
PMC4555656_table_0,1.0,0.9938,109,0.178656,3,2e-06,0.036404,195,177,0.0047,1.8154,0,0,0,14,8,0.7589,6.67,6.09
PMC4556409_table_7,0.8108,0.9465,26,0.350011,2,1e-06,0.00625,32,28,0.0282,1.75,0,0,0,7,4,0.75,10.54,7.58
PMC4559073_table_0,0.902,0.9619,35,0.185813,0,1e-06,0.008547,127,115,0.0072,1.811,0,0,0,5,7,0.6571,7.44,5.74
PMC4559388_table_3,0.9053,0.9796,66,0.239727,0,0.0,0.053916,72,66,0.0129,1.8333,0,0,0,11,6,0.7879,6.34,7.16
PMC4560070_table_2,1.0,0.9928,44,0.205909,8,0.046352,0.005113,64,56,0.0139,1.75,0,0,0,7,8,0.625,10.86,3.14
PMC4560081_table_3,0.9291,0.9884,88,0.335011,0,4e-06,0.006782,92,88,0.0105,1.913,0,0,0,22,4,0.6023,17.06,19.94
PMC4560378_table_1,0.4,0.9276,8,0.273255,0,1e-06,0.0247,12,8,0.0606,1.3333,0,0,0,2,4,0.625,11.5,4.97
PMC4562713_table_1,0.9065,0.9671,104,0.167902,0,2e-06,0.014688,112,104,0.0084,1.8571,0,0,0,13,8,0.6346,7.1,6.7
PMC4564210_table_0,1.0,0.9935,27,0.31482,0,1e-06,0.015638,138,126,0.0067,1.8261,0,0,0,9,3,0.4444,8.17,8.33
PMC4583722_table_6,0.9545,0.9898,172,0.14266,6,0.003719,0.025819,190,180,0.005,1.8947,0,0,0,18,10,0.4889,7.23,4.72
PMC4585217_table_1,0.5424,0.9887,47,0.21394,1,0.009654,0.025886,56,49,0.0159,1.75,0,0,0,7,7,0.4286,9.31,7.54
PMC4588911_table_0,0.9591,0.9741,80,0.299311,0,0.0,0.016009,84,80,0.0115,1.9048,0,0,0,20,4,0.25,11.96,15.78
PMC4592008_table_0,1.0,0.9879,75,0.26802,0,3e-06,0.015828,80,75,0.0119,1.875,0,0,0,15,5,0.6933,10.97,8.62
PMC4595344_table_2,0.9571,0.9837,44,0.235018,0,0.0,0.014614,80,72,0.0114,1.8,0,0,0,11,4,0.6818,9.68,7.1
PMC4596017_table_1,1.0,0.9907,12,0.312456,0,1e-06,0.026225,16,12,0.05,1.5,0,0,0,3,4,0.0,17.82,16.72
PMC4596498_table_2,0.1429,0.9083,127,0.171012,1,0.000626,0.037889,132,128,0.0074,1.9394,0,0,0,32,4,0.5156,10.33,6.12
PMC4603952_table_2,0.9535,0.9932,90,0.170058,5,0.032174,0.024042,189,171,0.0048,1.8095,0,0,0,11,9,0.5657,7.17,4.18
PMC4604194_table_0,0.7166,0.9228,127,0.230724,3,0.016362,0.01294,138,132,0.007,1.913,0,0,0,22,6,0.5758,10.39,9.51
PMC4604709_table_1,0.5806,0.8904,30,0.260659,0,2e-06,0.008306,35,30,0.0252,1.7143,0,0,0,6,5,0.8,12.28,4.52
PMC4605839_table_1,0.5652,0.984,18,0.324649,0,1e-06,0.022033,21,18,0.0429,1.7143,0,0,0,6,3,0.5556,15.88,8.04
PMC4606509_table_4,0.9497,0.9893,344,0.168319,4,0.008467,0.030567,363,352,0.0027,1.9394,0,0,0,32,11,0.5114,9.42,6.18
PMC4607466_table_1,1.0,0.9492,21,0.213178,0,0.0,0.026362,56,42,0.0136,1.5,0,0,0,3,7,0.6667,8.29,4.64
PMC4619286_table_0,1.0,0.9898,42,0.325461,0,7e-06,0.005545,44,42,0.0222,1.9091,0,0,0,21,2,0.5,11.68,9.13
PMC4619488_table_2,1.0,0.9747,42,0.467847,0,1e-06,0.031496,45,42,0.0212,1.8667,0,0,0,14,3,0.9286,23.29,21.84
PMC4619538_table_1,0.9412,0.9794,43,0.210429,2,0.111493,0.007329,91,79,0.0096,1.7363,0,0,0,7,7,0.7755,7.86,9.92
PMC4619861_table_0,0.0,0.987,33,2.201951,4,6.9e-05,0.187985,54,52,0.0182,1.9259,0,0,0,26,2,0.2308,106.29,158.32
PMC4624769_table_0,0.8505,0.9725,125,0.150025,1,0.001383,0.013459,135,126,0.007,1.8667,0,0,0,14,9,0.7619,5.08,2.89
PMC4625732_table_0,1.0,0.9756,40,0.262743,0,0.0,0.007712,45,40,0.0202,1.7778,0,0,0,8,5,0.8,17.3,12.56
PMC4640553_table_2,0.9583,0.9705,102,0.223169,0,3e-06,0.014595,108,102,0.0088,1.8889,0,0,0,17,6,0.6569,4.98,4.61
PMC4640680_table_4,0.9032,0.985,20,0.130508,0,1e-06,0.043797,24,20,0.0362,1.6667,0,0,0,5,4,0.8,6.65,3.45
PMC4642560_table_1,1.0,0.9753,28,0.112066,8,0.00085,0.002422,301,284,0.0031,1.887,0,0,0,4,9,0.5278,5.39,3.03
PMC4645023_table_1,0.5455,0.9092,15,0.288732,0,3e-06,4.7e-05,124,115,0.0075,1.8548,0,0,0,3,5,0.6667,6.73,3.38
PMC4646525_table_0,0.5296,0.9927,41,0.292248,1,0.159864,0.009308,150,135,0.006,1.8,0,0,0,9,5,0.7111,7.44,5.69
PMC4653846_table_3,1.0,0.9911,80,0.431785,0,4e-06,0.061398,84,80,0.0115,1.9048,0,0,0,20,4,0.7375,20.45,31.76
PMC4661950_table_0,0.7931,0.9617,40,0.330989,0,1e-06,0.00558,42,40,0.0232,1.9048,0,0,0,20,2,0.575,22.35,10.76
PMC4663007_table_1,1.0,0.9934,50,0.275949,0,6e-06,0.043953,55,50,0.0168,1.8182,0,0,0,10,5,0.16,9.46,10.23
PMC4665016_table_0,0.9783,0.9935,164,0.188042,16,0.017403,0.005304,192,184,0.005,1.9167,0,0,0,23,8,0.8207,14.41,6.61
PMC4665866_table_2,0.9419,0.9919,93,0.139815,6,0.001988,0.05194,110,99,0.0083,1.8,0,0,0,9,11,0.7576,4.76,4.36
PMC4668016_table_1,0.8885,0.9652,211,0.091461,7,0.007821,0.021665,240,224,0.0039,1.8667,0,0,0,14,16,0.5134,4.75,4.33
PMC4669163_table_0,1.0,0.9852,24,0.31864,0,1e-06,0.017795,54,48,0.0168,1.7778,0,0,0,8,3,0.875,8.04,4.77
PMC4677927_table_2,0.6769,0.9364,48,0.375678,0,2e-06,0.0624,52,48,0.0181,1.8462,0,0,0,12,4,0.6042,14.68,12.28
PMC4690836_table_1,0.8571,0.9917,28,0.202337,0,2e-06,0.040999,59,48,0.014,1.6271,0,0,0,4,7,0.8571,5.63,4.05
PMC4709774_table_2,1.0,0.9946,20,0.397197,0,5e-06,0.091764,194,173,0.0046,1.7835,0,0,0,5,4,0.6,14.2,18.48
PMC4735124_table_1,0.9362,0.9828,30,0.451916,0,2e-06,0.016636,33,30,0.0284,1.8182,0,0,0,10,3,0.6,16.37,8.41
PMC4747444_table_0,0.947,0.9755,106,0.161268,1,0.061323,0.038462,218,202,0.0043,1.8532,0,0,0,16,7,0.5714,9.25,8.39
PMC4750973_table_1,0.9767,0.9613,65,0.314834,0,1e-06,0.064887,70,65,0.0135,1.8571,0,0,0,13,5,0.4615,13.8,11.73
PMC4782351_table_0,0.7662,0.9914,67,0.157469,3,0.003553,0.073667,103,94,0.0089,1.8252,0,0,0,14,5,0.4714,10.63,3.93
PMC4784338_table_1,1.0,0.991,54,0.131758,0,3e-06,0.061167,60,54,0.0153,1.8,0,0,0,9,6,0.5556,8.35,9.56
PMC4784375_table_0,0.9189,0.9694,27,0.21803,0,1e-06,0.008486,105,97,0.0089,1.8476,0,0,0,9,3,0.5926,6.07,2.48
PMC4787191_table_0,1.0,0.9906,135,0.264876,0,1.1e-05,0.007194,140,135,0.0069,1.9286,0,0,0,27,5,0.2815,8.96,9.37
PMC4788893_table_2,0.9828,0.989,108,0.181313,4,0.005743,0.020625,146,136,0.0064,1.863,0,0,0,16,7,0.75,6.07,5.0
PMC4793228_table_1,1.0,0.9929,50,0.089316,0,0.0,0.002234,108,92,0.008,1.7037,0,0,0,5,10,0.54,6.48,1.88
PMC4800089_table_2,0.921,0.9791,114,0.171053,2,0.024282,0.005919,156,146,0.006,1.8718,0,0,0,15,8,0.8667,5.46,6.19
PMC4802887_table_1,0.7168,0.9777,58,0.100111,3,0.005479,0.007877,91,81,0.0099,1.7802,0,0,0,9,7,0.5238,6.84,5.59
PMC4803746_table_0,0.9577,0.9802,48,0.351635,0,7e-06,0.031991,51,48,0.0188,1.8824,0,0,0,16,3,0.5417,19.4,21.15
PMC4805239_table_1,1.0,0.9831,86,0.208093,3,0.017324,0.022452,98,91,0.0096,1.8571,0,0,0,13,7,0.7912,9.78,5.67
PMC4818419_table_0,0.8429,0.9389,229,0.171584,3,4e-06,0.028272,354,340,0.0027,1.9209,0,0,0,29,8,0.3448,11.79,10.48
PMC4822887_table_3,1.0,0.9739,27,0.328967,3,0.019712,0.027134,35,30,0.0252,1.7143,0,0,0,6,5,0.6,14.04,14.01
PMC4823092_table_1,0.9918,0.9815,206,0.272832,8,0.006748,0.079744,225,216,0.0043,1.92,0,0,0,24,9,0.5,4.44,5.36
PMC4823906_table_0,0.4,0.968,8,1.80772,0,0.0,0.342576,10,8,0.0889,1.6,0,0,0,4,2,0.375,162.62,129.04
PMC4824410_table_5,0.9464,0.9931,48,0.306414,0,1e-06,0.063384,73,62,0.0118,1.6986,0,0,0,12,4,0.0417,9.35,5.23
PMC4830870_table_0,0.3958,0.8669,72,0.649047,0,1.4e-05,0.021556,74,72,0.0133,1.9459,0,0,0,36,2,0.8889,26.9,28.03
PMC4841232_table_0,0.9123,0.992,42,0.176718,0,1e-06,0.012855,48,42,0.0186,1.75,0,0,0,7,6,0.7143,7.71,6.71
PMC4844139_table_2,0.8785,0.9723,88,0.199457,2,0.011303,0.017012,114,103,0.008,1.807,0,0,0,13,7,0.5934,5.23,3.64
PMC4845593_table_0,0.9463,0.9776,137,0.150284,3,0.018301,0.031515,251,235,0.0037,1.8725,0,0,0,16,9,0.7222,4.25,1.4
PMC4849232_table_2,1.0,0.9903,51,0.269587,4,0.007506,0.030105,185,165,0.0048,1.7838,0,0,0,11,5,0.4364,6.57,6.31
PMC4852906_table_3,0.9655,0.9934,53,0.149906,3,0.00632,0.026696,126,112,0.0071,1.7778,0,0,0,8,7,0.6786,4.94,3.52
PMC4855801_table_0,1.0,0.9908,21,0.226051,0,2e-06,0.050542,210,196,0.0045,1.8667,0,0,0,3,7,0.5714,9.38,9.35
PMC4858161_table_0,1.0,0.9891,30,0.278444,0,2e-06,0.017728,35,30,0.0252,1.7143,0,0,0,6,5,0.4333,10.6,6.88
PMC4858940_table_0,0.5806,0.9851,22,0.673276,2,3e-06,0.094735,84,76,0.0109,1.8095,0,0,0,6,4,0.0,25.75,32.61
PMC4862171_table_0,1.0,0.993,24,0.166284,0,0.0,0.005037,28,24,0.0317,1.7143,0,0,0,6,4,0.6667,5.58,3.71
PMC4864230_table_1,1.0,0.9907,138,0.221475,0,6e-06,0.014004,144,138,0.0067,1.9167,0,0,0,23,6,0.8333,5.7,3.48
PMC4873514_table_0,0.8125,0.9907,46,0.413681,4,0.148522,0.082051,60,55,0.0155,1.8333,0,0,0,11,5,0.2,24.58,21.08
PMC4874363_table_0,0.7343,0.9599,152,0.154878,0,2e-06,0.026095,160,152,0.006,1.9,0,0,0,19,8,0.3553,4.35,5.02
PMC4874694_table_1,0.678,0.9733,42,0.197756,0,0.0,0.019929,49,42,0.0179,1.7143,0,0,0,6,7,0.4762,4.29,2.95
PMC4879219_table_0,0.9313,0.9885,44,0.149913,0,2e-06,0.003631,92,84,0.01,1.8261,0,0,0,11,4,0.6591,3.9,4.09
PMC4889889_table_0,0.88,0.9927,21,0.770728,1,0.180834,0.202375,24,22,0.0399,1.8333,0,0,0,11,2,0.0455,45.25,88.16
PMC4889889_table_1,1.0,0.9898,20,0.446187,0,0.0,0.048504,22,20,0.0433,1.8182,0,0,0,10,2,0.05,25.9,22.03
PMC4895133_table_0,0.9888,0.99,78,0.068954,2,0.007744,0.002468,151,139,0.0061,1.8411,0,0,0,12,7,0.8452,4.74,2.2
PMC4904036_table_2,1.0,0.9726,28,0.202253,0,0.0,0.063924,80,71,0.0112,1.775,0,0,0,7,4,0.4286,9.68,7.4
PMC4906657_table_0,1.0,0.9825,26,0.27108,1,0.151399,0.047352,138,120,0.0063,1.7391,0,0,0,6,5,0.7,6.04,12.42
PMC4907435_table_4,0.8333,0.927,35,0.201233,0,2e-06,0.021512,141,125,0.0063,1.773,0,0,0,5,7,0.4857,2.77,1.76
PMC4915006_table_1,1.0,0.9935,40,0.107896,0,1e-06,0.005554,45,40,0.0202,1.7778,0,0,0,8,5,0.4,10.44,9.76
PMC4917978_table_3,1.0,0.9888,70,0.176553,0,1e-06,0.0202,203,182,0.0044,1.7931,0,0,0,10,7,0.7,6.5,6.02
PMC4928613_table_0,1.0,0.9924,24,1.071246,0,0.0,0.0508,27,24,0.0342,1.7778,0,0,0,8,3,0.0,43.12,28.25
PMC4928805_table_0,0.7273,0.9187,24,0.805947,0,5e-06,0.104243,27,24,0.0342,1.7778,0,0,0,8,3,0.375,54.0,73.56
PMC4929738_table_2,0.8876,0.8913,56,0.280409,3,0.032353,0.006873,130,120,0.0072,1.8462,0,0,0,12,5,0.8333,11.6,5.03
PMC4932264_table_0,0.1,0.9898,9,1.951299,1,0.414688,0.270765,12,10,0.0758,1.6667,0,0,0,5,2,0.4,116.89,124.82
PMC4939003_table_1,1.0,0.9846,200,0.225194,2,0.00751,0.003225,210,204,0.0046,1.9429,0,0,0,34,6,0.6765,8.12,4.39
PMC4942618_table_0,0.6714,0.9698,131,0.205502,6,0.17281,0.045988,161,154,0.006,1.913,0,0,0,22,7,0.7403,13.18,6.21
PMC4949439_table_3,1.0,0.993,189,0.098222,8,0.044498,0.009857,321,303,0.0029,1.8879,0,0,0,16,13,0.7788,6.31,4.03
PMC4950604_table_1,1.0,0.9856,27,0.387375,1,0.005655,0.071133,117,112,0.0083,1.9145,0,0,0,14,2,0.3929,21.16,22.71
PMC4979903_table_5,1.0,0.9869,20,0.308457,0,1e-06,0.007919,52,44,0.0166,1.6923,0,0,0,5,4,0.6,7.25,3.88
PMC4991403_table_0,0.8971,0.9883,111,0.307811,1,0.062864,0.032792,120,115,0.0081,1.9167,0,0,0,23,5,0.4435,7.75,6.34
PMC4992918_table_1,0.4839,0.8762,20,0.144385,0,0.0,0.023514,24,20,0.0362,1.6667,0,0,0,5,4,1.0,9.5,1.66
PMC4993768_table_0,0.542,0.9594,87,0.408478,8,1e-06,0.042729,130,125,0.0075,1.9231,0,0,0,25,5,0.296,20.64,9.45
PMC4996085_table_1,1.0,0.9854,24,0.371952,0,5e-06,0.002458,97,90,0.0097,1.8557,0,0,0,6,4,0.625,7.83,9.74
PMC5005687_table_1,1.0,0.9812,10,0.334325,0,0.0,0.004178,24,20,0.0362,1.6667,0,0,0,5,2,0.5,18.22,8.2
PMC5011339_table_0,1.0,0.991,15,1.172501,0,2e-06,0.185401,18,15,0.049,1.6667,0,0,0,5,3,0.2667,55.6,73.79
PMC5016556_table_2,0.571,0.9854,226,0.185626,3,0.001882,0.016056,235,230,0.0042,1.9574,0,0,0,46,5,0.6696,9.71,7.82
PMC5017713_table_4,0.6944,0.9905,63,0.400948,3,3e-06,0.010406,80,76,0.012,1.9,0,0,0,19,4,0.3947,11.31,11.71
PMC5025609_table_8,1.0,0.994,16,0.160075,0,0.0,0.02888,74,67,0.0124,1.8108,0,0,0,4,4,0.75,7.69,3.88
PMC5026163_table_0,1.0,0.986,49,0.157285,0,1e-06,0.042249,56,49,0.0159,1.75,0,0,0,7,7,0.6122,9.78,8.36
PMC5033405_table_0,0.9524,0.9921,24,0.230216,0,0.0,0.002465,113,104,0.0082,1.8407,0,0,0,6,4,0.5,4.73,3.84
PMC5034438_table_2,0.3243,0.9273,93,0.16749,3,0.016283,0.009527,105,98,0.009,1.8667,0,0,0,14,7,0.7449,11.12,2.99
PMC5043269_table_2,0.7013,0.9758,27,0.155855,0,0.0,0.006993,30,27,0.031,1.8,0,0,0,9,3,0.5926,10.48,6.36
PMC5043650_table_1,0.967,0.9756,198,0.201051,0,1e-05,0.019356,334,318,0.0029,1.9042,0,0,0,33,6,0.4848,10.66,6.3
PMC5046129_table_2,0.7647,0.9406,25,0.179783,0,1e-06,0.003002,80,70,0.0111,1.75,0,0,0,5,5,0.84,11.56,20.63
PMC5050417_table_0,0.2293,0.9094,56,0.158615,4,0.031859,0.008677,72,68,0.0133,1.8889,0,0,0,17,4,0.5441,11.51,7.49
PMC5066253_table_0,0.5965,0.9856,22,0.285799,12,0.098039,0.081133,48,40,0.0177,1.6667,0,0,0,5,8,0.35,20.0,20.98
PMC5068960_table_2,0.8624,0.9883,100,0.202018,0,3e-06,0.012016,105,100,0.0092,1.9048,0,0,0,20,5,0.61,9.87,7.54
PMC5073907_table_0,1.0,0.9826,16,0.489201,0,1e-06,0.062187,20,16,0.0421,1.6,0,0,0,4,4,0.5625,27.88,27.45
PMC5078087_table_2,0.8621,0.9847,111,0.357373,9,0.004446,0.0619,125,120,0.0077,1.92,0,0,0,24,5,0.6167,12.58,7.39
PMC5082642_table_2,1.0,0.9853,64,0.160154,0,6e-06,0.005045,149,134,0.0061,1.7987,0,0,0,8,8,0.75,4.82,1.0
PMC5084315_table_1,1.0,0.9911,39,0.230009,0,4e-06,0.033837,171,156,0.0054,1.8246,0,0,0,13,3,0.8974,12.9,17.77
PMC5085684_table_1,0.8675,0.9929,30,0.584898,12,0.016068,0.063868,48,44,0.0195,1.8333,0,0,0,11,4,0.0,29.25,13.34
PMC5101257_table_3,0.7132,0.9509,46,0.183009,3,0.040607,0.038754,66,55,0.0128,1.6667,0,0,0,5,11,0.5455,5.98,2.35
PMC5112006_table_4,1.0,0.9916,67,0.146284,1,0.033135,0.007312,212,200,0.0045,1.8868,0,0,0,9,8,0.6944,7.68,15.21
PMC5114570_table_0,1.0,0.9894,46,0.19326,3,0.015682,0.05255,55,50,0.0168,1.8182,0,0,0,10,5,0.62,14.83,9.97
PMC5116169_table_0,1.0,0.977,63,0.218716,0,4e-06,0.005244,66,63,0.0147,1.9091,0,0,0,21,3,0.6032,9.75,7.42
PMC5124313_table_1,0.4902,0.949,56,0.947125,14,2.8e-05,0.081094,105,102,0.0093,1.9429,0,0,0,34,3,0.2255,40.46,46.4
PMC5125697_table_4,0.906,0.9892,54,0.169866,2,0.008053,0.005461,64,56,0.0139,1.75,0,0,0,7,8,0.5536,6.85,3.92
PMC5130192_table_0,0.925,0.9945,36,0.345567,0,0.0,0.049146,39,36,0.0243,1.8462,0,0,0,12,3,0.5,10.21,18.76
PMC5141570_table_0,0.922,0.9613,56,0.146001,0,0.0,0.035826,113,101,0.008,1.7876,0,0,0,8,7,0.3214,7.73,9.1
PMC5158189_table_1,0.938,0.9895,130,0.204451,5,0.046465,0.006995,147,140,0.0065,1.9048,0,0,0,20,7,0.3857,12.39,9.49
PMC5667981_table_2,0.9752,0.9814,82,0.15898,4,0.027868,0.003076,99,90,0.0093,1.8182,0,0,0,10,9,0.7333,9.93,5.85
PMC5679769_table_2,1.0,0.9836,57,0.815869,0,6e-06,0.036009,60,57,0.0161,1.9,0,0,0,19,3,0.7719,8.37,8.37
PMC5681506_table_2,0.9737,0.9906,96,0.112384,0,2e-06,0.003913,102,96,0.0093,1.8824,0,0,0,16,6,0.9062,7.4,1.53
PMC5685624_table_0,0.9526,0.9913,110,0.132482,2,0.141624,0.006595,144,132,0.0064,1.8333,0,0,0,11,12,0.7045,4.88,3.09
PMC5688149_table_0,0.6379,0.9833,468,0.097951,0,1.3e-05,0.015568,480,468,0.002,1.95,0,0,0,39,12,0.4487,6.33,4.71
PMC5690103_table_0,1.0,0.9899,47,0.172249,3,0.005308,0.02461,79,71,0.0115,1.7975,0,0,0,10,5,0.48,6.16,4.56
PMC5691681_table_2,0.1873,0.9905,134,0.19429,4,0.007506,0.058795,177,167,0.0054,1.887,0,0,0,20,7,0.5429,9.68,6.14
PMC5699438_table_0,1.0,0.9935,91,0.167008,3,0.009638,0.046769,100,95,0.0096,1.9,0,0,0,19,5,0.7474,7.24,3.76
PMC5701427_table_2,0.9344,0.9928,275,0.083961,5,0.000338,0.020852,288,280,0.0034,1.9444,0,0,0,35,8,0.6714,3.9,3.91
PMC5704526_table_0,0.4286,0.9154,6,0.643733,0,9e-06,0.006517,8,6,0.1071,1.5,0,0,0,3,2,0.6667,35.67,36.06
PMC5704595_table_3,1.0,0.9864,27,0.21734,0,5e-06,0.006695,87,81,0.0108,1.8621,0,0,0,9,3,0.5926,10.3,14.48
PMC5708786_table_4,0.8509,0.9279,130,0.090781,3,0.022014,0.002596,160,144,0.0057,1.8,0,0,0,9,16,0.4167,2.77,4.78
PMC5717279_table_1,0.9776,0.9683,91,0.363833,44,5e-06,0.006,138,135,0.0071,1.9565,0,0,0,45,3,0.3185,27.36,23.1
PMC5721909_table_0,0.6812,0.9791,72,0.324379,6,0.138627,0.059423,90,84,0.0105,1.8667,0,0,0,14,6,0.3214,16.78,11.5
PMC5731699_table_0,0.8088,0.9805,52,0.742999,3,0.096691,0.20896,63,60,0.0154,1.9048,0,0,0,20,3,0.25,30.53,36.62
PMC5733097_table_0,0.5263,0.9349,15,0.373327,1,0.041585,0.039782,70,64,0.0133,1.8286,0,0,0,8,2,0.5,14.07,11.28
PMC5733097_table_1,0.5263,0.9349,15,0.373327,1,0.041585,0.039782,70,64,0.0133,1.8286,0,0,0,8,2,0.5,14.07,11.28
PMC5743742_table_0,0.5,0.9474,44,0.403174,4,1.2e-05,0.103712,51,48,0.0188,1.8824,0,0,0,16,3,0.0208,29.82,34.14
PMC5746372_table_2,0.9554,0.9859,132,0.181597,3,0.018196,0.065542,366,347,0.0026,1.8962,0,0,0,14,10,0.5357,12.66,9.95
PMC5765490_table_2,0.3182,0.968,16,0.819363,2,3e-06,0.18287,159,150,0.006,1.8868,0,0,0,6,3,0.0,45.69,33.41
PMC5775614_table_5,0.8856,0.983,79,0.282908,1,0.00161,0.045429,170,160,0.0056,1.8824,0,0,0,16,5,0.5375,13.51,7.79
PMC5778143_table_2,0.8788,0.9909,72,0.123403,3,1e-06,0.032081,129,118,0.0071,1.8295,0,0,0,13,6,0.4103,3.8,1.86
PMC5778766_table_0,0.9827,0.9845,156,0.133775,4,0.00086,0.005154,165,160,0.0059,1.9394,0,0,0,32,5,0.5125,4.22,3.75
PMC5796448_table_1,0.9722,0.9862,68,0.118277,6,0.005242,0.022598,88,80,0.0104,1.8182,0,0,0,10,8,0.625,5.22,3.67
PMC5798772_table_0,0.7928,0.9766,36,0.233454,0,1e-06,0.04283,72,64,0.0125,1.7778,0,0,0,9,4,0.8889,6.08,3.32
PMC5820791_table_2,0.8889,0.9902,18,0.360403,0,3e-06,0.00497,105,96,0.0088,1.8286,0,0,0,13,6,0.7692,7.05,3.13
PMC5823366_table_1,1.0,0.9891,36,0.32708,0,7e-06,0.006407,40,36,0.0231,1.8,0,0,0,9,4,0.8611,12.08,5.34
PMC5824402_table_0,1.0,0.9658,15,0.466756,0,2e-06,0.037218,33,27,0.0256,1.6364,0,0,0,5,3,0.2,15.93,5.99
PMC5828328_table_1,1.0,0.9599,18,0.215861,0,0.0,0.008668,33,27,0.0256,1.6364,0,0,0,6,3,0.6111,4.65,4.63
PMC5831204_table_1,0.4013,0.8548,126,0.221149,0,1e-06,0.005417,132,126,0.0073,1.9091,0,0,0,21,6,0.5556,6.92,4.89
PMC5831227_table_1,0.5902,0.9905,77,0.108921,9,0.026725,0.007771,98,91,0.0096,1.8571,0,0,0,13,7,0.3407,5.02,5.43
PMC5831851_table_0,0.9179,0.9908,102,0.216558,0,3e-06,0.011702,108,102,0.0088,1.8889,0,0,0,17,6,0.7059,10.45,5.82
PMC5841752_table_7,1.0,0.9938,97,0.171595,7,0.001073,0.007347,224,209,0.0042,1.8661,0,0,0,13,8,0.6442,7.18,6.21
PMC5842573_table_1,0.9091,0.986,18,0.803101,2,1e-06,0.005338,24,22,0.0399,1.8333,0,0,0,11,2,0.0,43.11,25.0
PMC5844111_table_0,0.8082,0.9628,48,0.200517,4,0.138706,0.023282,72,63,0.0123,1.75,0,0,0,7,9,0.6984,3.98,3.37
PMC5859069_table_2,0.4706,0.9936,24,0.193563,0,1e-06,0.0507,87,79,0.0106,1.8161,0,0,0,8,3,0.3333,10.69,6.23
PMC5866113_table_5,1.0,0.9931,16,0.592114,0,4e-06,0.007736,40,32,0.0205,1.6,0,0,0,4,4,0.5625,6.44,5.66
PMC5869218_table_1,0.7273,0.8951,37,0.244245,5,0.006549,0.029222,49,42,0.0179,1.7143,0,0,0,6,7,0.619,11.3,5.38
PMC5880609_table_0,0.9173,0.9865,180,0.153555,0,1e-06,0.003548,190,180,0.005,1.8947,0,0,0,18,10,0.7611,8.29,5.76
PMC5883543_table_1,0.9494,0.9872,185,0.134137,0,2e-06,0.03405,190,185,0.0052,1.9474,0,0,0,37,5,0.7351,7.29,4.56
PMC5886412_table_3,0.9933,0.9781,53,0.308291,1,0.009459,0.005944,57,54,0.0169,1.8947,0,0,0,18,3,0.5556,15.48,11.03
PMC5925080_table_3,0.1818,0.9723,50,0.199785,4,1e-06,0.01137,57,54,0.0169,1.8947,0,0,0,18,3,0.6296,11.5,7.29
PMC5927122_table_1,0.8722,0.9782,45,0.403657,5,0.020073,0.10779,55,50,0.0168,1.8182,0,0,0,10,5,0.7,17.91,12.45
PMC5933755_table_0,0.9557,0.9853,70,0.261283,0,2e-06,0.004853,75,70,0.0126,1.8667,0,0,0,14,5,0.9286,3.31,4.92
PMC5936966_table_1,0.7703,0.9894,52,0.31155,3,0.079705,0.038305,65,60,0.0144,1.8462,0,0,0,12,5,0.1667,19.47,12.36
PMC5938607_table_3,1.0,0.989,96,0.221118,0,1e-06,0.004302,102,96,0.0093,1.8824,0,0,0,16,6,0.6354,9.39,10.28
PMC5940361_table_0,0.6066,0.9742,50,0.566151,0,6e-06,0.004287,52,50,0.0189,1.9231,0,0,0,25,2,0.42,9.73,4.8
PMC5941372_table_1,1.0,0.9892,44,0.16092,4,0.00192,0.057837,163,152,0.0058,1.865,0,0,0,10,5,0.4,9.31,8.49
PMC5947791_table_1,0.5714,0.8963,15,0.291258,0,3e-06,0.00595,118,107,0.0078,1.8136,0,0,0,3,5,0.6667,7.07,4.04
PMC5952627_table_1,0.866,0.967,175,0.226443,5,0.003002,0.009263,186,180,0.0052,1.9355,0,0,0,30,6,0.5167,7.66,4.24
PMC5963780_table_2,0.733,0.9843,112,0.251556,4,0.048592,0.029687,132,126,0.0073,1.9091,0,0,0,21,6,0.6825,9.72,12.11
PMC5966462_table_0,1.0,0.993,50,0.135174,0,1e-06,0.003832,55,50,0.0168,1.8182,0,0,0,10,5,0.64,4.3,3.8
PMC5972164_table_0,0.6667,0.9919,9,0.827739,0,0.0,0.249496,12,9,0.0682,1.5,0,0,0,3,3,0.0,50.89,45.89
PMC5984459_table_0,0.9927,0.9914,290,0.189342,3,0.00212,0.010785,301,294,0.0033,1.9535,0,0,0,42,7,0.6905,8.08,12.1
PMC5987705_table_3,0.9322,0.9806,38,0.227747,3,0.047092,0.090334,54,45,0.0157,1.6667,0,0,0,5,9,0.5333,8.37,4.42
PMC5996224_table_1,0.7692,0.9491,10,0.251309,0,1e-06,0.00601,80,62,0.0098,1.55,0,0,0,2,5,0.5,7.9,8.54
PMC5996277_table_2,0.503,0.9676,57,0.105376,6,0.003015,0.053027,135,120,0.0066,1.7778,0,0,0,8,8,0.5312,6.0,5.78
PMC5997656_table_6,0.9874,0.9913,256,0.137416,2,0.000289,0.054413,264,258,0.0037,1.9545,0,0,0,43,6,0.7248,12.65,7.33
PMC6016993_table_0,0.9394,0.9894,40,0.346315,0,5e-06,0.006323,177,159,0.0051,1.7966,0,0,0,10,4,0.85,8.65,3.16
PMC6018470_table_0,0.0,0.9845,19,3.336369,2,2.9e-05,0.502731,28,26,0.0344,1.8571,0,0,0,13,2,0.2308,227.17,392.26
PMC6019825_table_0,0.0,0.9879,220,0.268651,0,1.7e-05,0.008155,225,220,0.0044,1.9556,0,0,0,44,5,0.5182,9.57,4.6
PMC6020420_table_1,1.0,0.9897,42,0.218826,0,2e-06,0.004904,207,198,0.0046,1.913,0,0,0,14,3,0.5238,7.79,7.55
PMC6022297_table_0,0.9241,0.9862,66,0.666148,0,1.5e-05,0.005572,68,66,0.0145,1.9412,0,0,0,33,2,0.3788,10.11,13.47
PMC6022451_table_1,0.704,0.9889,73,0.416628,7,0.003664,0.078465,90,84,0.0105,1.8667,0,0,0,14,6,0.7143,20.33,29.93
PMC6024094_table_2,0.4762,0.9916,72,0.4541,13,4e-06,0.167744,102,96,0.0093,1.8824,0,0,0,16,6,0.3021,26.12,19.96
PMC6024574_table_0,0.9779,0.993,260,0.162573,3,0.003653,0.01864,270,264,0.0036,1.9556,0,0,0,44,6,0.6402,5.68,6.3
PMC6024792_table_0,0.8913,0.9938,29,0.178446,1,0.125073,0.023877,175,161,0.0053,1.84,0,0,0,5,7,0.6857,6.34,4.07
PMC6029037_table_0,0.9268,0.9895,33,0.195602,2,0.0,0.005052,44,40,0.0211,1.8182,0,0,0,10,4,0.675,7.72,6.57
PMC6032214_table_0,0.0385,0.9642,25,0.568444,1,0.16072,0.063817,30,27,0.031,1.8,0,0,0,9,3,0.3704,25.86,22.31
PMC6036234_table_0,0.9735,0.9828,73,0.516222,37,0.117749,0.033388,116,112,0.0084,1.931,0,0,0,28,4,0.3393,19.18,15.13
PMC6039530_table_1,0.0,0.9884,8,7.747042,2,1.2e-05,1.401677,12,10,0.0758,1.6667,0,0,0,5,2,0.5,613.43,1150.5
PMC6040683_table_5,0.9362,0.9773,55,0.190951,7,0.016565,0.003656,208,192,0.0045,1.8462,0,0,0,8,8,0.625,7.58,5.68
PMC6049947_table_1,1.0,0.976,40,0.551241,0,2e-06,0.07512,77,70,0.012,1.8182,0,0,0,10,4,0.4,32.67,41.58
PMC6051173_table_1,0.2692,0.9884,52,0.206686,3,0.002496,0.022468,120,110,0.0077,1.8333,0,0,0,11,5,0.7273,10.63,6.82
PMC6051293_table_8,0.9753,0.992,60,0.63608,0,2e-06,0.006333,62,60,0.0159,1.9355,0,0,0,30,2,0.0,19.2,15.47
PMC6053142_table_6,0.9697,0.9846,42,0.208755,1,0.121986,0.051128,56,48,0.0156,1.7143,0,0,0,6,8,0.7917,5.8,4.49
PMC6056653_table_0,1.0,0.9926,40,0.219043,1,0.018493,0.032829,45,42,0.0212,1.8667,0,0,0,14,3,0.6429,9.18,10.05
PMC6060476_table_1,1.0,0.9862,102,0.205878,5,0.040994,0.008143,119,112,0.008,1.8824,0,0,0,16,7,0.5893,9.73,4.35
PMC6066209_table_0,0.6809,0.9752,37,0.532189,6,3e-06,0.003002,50,48,0.0196,1.92,0,0,0,24,2,0.7083,13.84,7.01
PMC6076394_table_0,1.0,0.9891,64,0.446076,0,7e-06,0.118997,68,64,0.014,1.8824,0,0,0,16,4,0.3438,30.47,44.06
PMC6081452_table_2,0.0,0.8969,24,0.151721,0,2e-06,0.003466,27,24,0.0342,1.7778,0,0,0,8,3,0.875,12.09,5.47
PMC6089900_table_0,1.0,0.9933,30,0.191229,6,1e-06,0.031441,104,92,0.0086,1.7692,0,0,0,11,4,0.3182,9.8,5.65
PMC6095029_table_0,1.0,0.982,20,0.304218,0,4e-06,0.031213,25,20,0.0333,1.6,0,0,0,4,5,0.45,12.6,12.35
PMC6095504_table_0,0.8382,0.9889,42,0.194101,3,0.004586,0.004248,65,55,0.0132,1.6923,0,0,0,9,5,0.7111,12.07,8.32
PMC6101077_table_3,0.3,0.967,108,0.16103,3,3e-06,0.007435,126,117,0.0074,1.8571,0,0,0,13,9,0.8205,5.59,2.45
PMC6102920_table_3,1.0,0.9938,29,0.239887,2,0.142423,0.02082,42,35,0.0203,1.6667,0,0,0,5,7,0.6857,4.83,2.42
PMC6117916_table_3,1.0,0.993,51,0.278595,1,0.113751,0.008091,84,75,0.0108,1.7857,0,0,0,11,5,0.6,6.09,14.8
PMC6119554_table_0,1.0,0.9934,28,0.154741,0,1e-06,0.022659,32,28,0.0282,1.75,0,0,0,7,4,0.6429,4.04,4.11
PMC6120751_table_3,1.0,0.9918,12,0.215367,0,0.0,0.010429,84,70,0.01,1.6667,0,0,0,4,3,0.5833,8.42,5.71
PMC6141062_table_2,1.0,0.9715,120,0.087669,0,0.0,0.002884,225,195,0.0039,1.7333,0,0,0,8,15,0.5167,4.65,5.05
PMC6147411_table_6,0.9062,0.9693,30,0.259583,0,3e-06,0.009977,35,30,0.0252,1.7143,0,0,0,6,5,0.3667,10.36,6.42
PMC6153635_table_2,0.8276,0.9665,12,0.493035,0,2e-06,0.021843,15,12,0.0571,1.6,0,0,0,4,3,0.75,22.0,19.48
PMC6164675_table_0,0.6667,0.9929,95,0.109152,4,0.004482,0.020699,251,231,0.0037,1.8406,0,0,0,12,11,0.6061,5.23,11.13
PMC6164675_table_2,0.9647,0.9938,128,0.090765,12,0.008297,0.048768,168,154,0.0055,1.8333,0,0,0,11,14,0.3701,3.38,4.49
PMC6167829_table_0,0.7424,0.9892,42,0.503726,0,3e-06,0.331253,138,123,0.0065,1.7826,0,0,0,7,6,0.2857,31.9,38.42
PMC6171557_table_0,0.6835,0.9857,67,0.674604,9,0.054343,0.190859,80,76,0.012,1.9,0,0,0,19,4,0.1447,40.49,55.24
PMC6194282_table_0,1.0,0.9929,51,0.234883,0,1e-05,0.04851,110,103,0.0086,1.8727,0,0,0,17,3,0.6275,7.14,7.64
PMC6195630_table_0,0.0,0.9765,5,0.84826,1,0.227255,0.1693,12,8,0.0606,1.3333,0,0,0,2,4,0.5,66.4,80.8
PMC6218049_table_2,0.4444,0.9218,108,0.314837,0,6e-06,0.005175,112,108,0.0087,1.9286,0,0,0,27,4,0.5648,14.22,12.47
PMC6605063_table_2,1.0,0.9927,32,0.350566,0,1e-05,0.121246,36,32,0.0254,1.7778,0,0,0,8,4,0.2188,16.56,13.55
